#
# There is insufficient memory for the Java Runtime Environment to continue.
# Native memory allocation (malloc) failed to allocate 1669376 bytes for Chunk::new
# Possible reasons:
#   The system is out of physical RAM or swap space
#   The process is running with CompressedOops enabled, and the Java Heap may be blocking the growth of the native heap
# Possible solutions:
#   Reduce memory load on the system
#   Increase physical memory or swap space
#   Check if swap backing store is full
#   Decrease Java heap size (-Xmx/-Xms)
#   Decrease number of Java threads
#   Decrease Java thread stack sizes (-Xss)
#   Set larger code cache with -XX:ReservedCodeCacheSize=
#   JVM is running with Unscaled Compressed Oops mode in which the Java heap is
#     placed in the first 4GB address space. The Java Heap base address is the
#     maximum limit for the native heap growth. Please use -XX:HeapBaseMinAddress
#     to set the Java Heap base and to place the Java Heap above 4GB virtual address.
# This output file may be truncated or incomplete.
#
#  Out of Memory Error (arena.cpp:189), pid=12176, tid=26392
#
# JRE version: Java(TM) SE Runtime Environment (17.0.12+8) (build 17.0.12+8-LTS-286)
# Java VM: Java HotSpot(TM) 64-Bit Server VM (17.0.12+8-LTS-286, mixed mode, sharing, tiered, compressed oops, compressed class ptrs, g1 gc, windows-amd64)
# No core dump will be written. Minidumps are not enabled by default on client versions of Windows
#

---------------  S U M M A R Y ------------

Command Line: --add-opens=java.base/java.lang=ALL-UNNAMED --add-opens=java.base/java.lang.invoke=ALL-UNNAMED --add-opens=java.base/java.util=ALL-UNNAMED --add-opens=java.prefs/java.util.prefs=ALL-UNNAMED --add-exports=jdk.compiler/com.sun.tools.javac.api=ALL-UNNAMED --add-exports=jdk.compiler/com.sun.tools.javac.util=ALL-UNNAMED --add-opens=java.base/java.util=ALL-UNNAMED --add-opens=java.prefs/java.util.prefs=ALL-UNNAMED --add-opens=java.base/java.nio.charset=ALL-UNNAMED --add-opens=java.base/java.net=ALL-UNNAMED --add-opens=java.base/java.util.concurrent=ALL-UNNAMED --add-opens=java.base/java.util.concurrent.atomic=ALL-UNNAMED --add-opens=java.xml/javax.xml.namespace=ALL-UNNAMED --add-opens=java.base/java.time=ALL-UNNAMED -XX:MaxMetaspaceSize=512m -Xmx2048m -Dfile.encoding=windows-1252 -Duser.country=IN -Duser.language=en -Duser.variant -javaagent:C:\Users\asus\.gradle\wrapper\dists\gradle-9.3.1-bin\23ovyewtku6u96viwx3xl3oks\gradle-9.3.1\lib\agents\gradle-instrumentation-agent-9.3.1.jar org.gradle.launcher.daemon.bootstrap.GradleDaemon 9.3.1

Host: AMD Ryzen 7 5800HS with Radeon Graphics         , 16 cores, 7G,  Windows 11 , 64 bit Build 26100 (10.0.26100.9168)
Time: Wed Sep  9 23:19:32 2026 India Standard Time elapsed time: 89.954206 seconds (0d 0h 1m 29s)

---------------  T H R E A D  ---------------

Current thread (0x000001725c596e80):  JavaThread "C2 CompilerThread0" daemon [_thread_in_native, id=26392, stack(0x0000003a3aa00000,0x0000003a3ab00000)]


Current CompileTask:
C2:  89955 33866       4       java.lang.invoke.InnerClassLambdaMetafactory::<init> (258 bytes)

Stack: [0x0000003a3aa00000,0x0000003a3ab00000]
Native frames: (J=compiled Java code, j=interpreted, Vv=VM code, C=native code)
V  [jvm.dll+0x67a04a]
V  [jvm.dll+0x7da4ed]
V  [jvm.dll+0x7dbe33]
V  [jvm.dll+0x7dc4a3]
V  [jvm.dll+0x24508f]
V  [jvm.dll+0xab773]
V  [jvm.dll+0xabd3c]
V  [jvm.dll+0x361bee]
V  [jvm.dll+0x32c431]
V  [jvm.dll+0x32b8ca]
V  [jvm.dll+0x21683f]
V  [jvm.dll+0x215c6f]
V  [jvm.dll+0x1a2960]
V  [jvm.dll+0x22610b]
V  [jvm.dll+0x2242ab]
V  [jvm.dll+0x79075c]
V  [jvm.dll+0x78abea]
V  [jvm.dll+0x678f35]
C  [ucrtbase.dll+0x2cd30]
C  [KERNEL32.DLL+0x2ccb7]
C  [ntdll.dll+0xaad6c]


---------------  P R O C E S S  ---------------

Threads class SMR info:
_java_thread_list=0x000001720ba3be20, length=331, elements={
0x000001723e376210, 0x000001725c563f70, 0x000001725c568070, 0x000001725c5923f0,
0x000001725c592cc0, 0x000001725c593590, 0x000001725c593e60, 0x000001725c596e80,
0x000001725c599850, 0x000001725c59bd80, 0x000001725c551910, 0x000001725d48ec60,
0x000001725db49cb0, 0x000001727e0144d0, 0x000001727e6c5560, 0x000001727e68e600,
0x000001727e6ff820, 0x000001727dceed00, 0x000001727dceb550, 0x000001727dceba60,
0x000001727dcec480, 0x000001727dcebf70, 0x000001727dced3b0, 0x000001727dceddd0,
0x000001727dcee7f0, 0x000001727dcee2e0, 0x00000172012b5fb0, 0x00000172012b73f0,
0x00000172012b7900, 0x00000172012b7e10, 0x00000172012b8320, 0x00000172012b9760,
0x00000172012b9c70, 0x00000172012ba180, 0x00000172012b8830, 0x00000172012b69d0,
0x00000172012ba690, 0x00000172012b6ee0, 0x00000172012bbad0, 0x00000172012bd420,
0x00000172012bcf10, 0x00000172012bd930, 0x00000172012baba0, 0x00000172012bb5c0,
0x00000172012bb0b0, 0x00000172012bbfe0, 0x00000172012bca00, 0x00000172026d3ec0,
0x00000172026d4df0, 0x00000172026d5300, 0x00000172026d34a0, 0x00000172026d39b0,
0x00000172026d5810, 0x00000172026d43d0, 0x00000172026d48e0, 0x00000172026d2060,
0x00000172026d5d20, 0x00000172026d2570, 0x00000172026d6230, 0x00000172026d2f90,
0x00000172026d2a80, 0x00000172026d8ab0, 0x00000172026d7160, 0x00000172026d94d0,
0x00000172026d85a0, 0x00000172026d8090, 0x00000172026d6740, 0x00000172026d6c50,
0x00000172026d7670, 0x00000172026d7b80, 0x00000172026d8fc0, 0x00000172026d99e0,
0x0000017202070820, 0x0000017202070d30, 0x0000017202071240, 0x000001720206fe00,
0x0000017202070310, 0x000001720206eed0, 0x000001720206e4b0, 0x000001720206e9c0,
0x000001720206f3e0, 0x0000017202071750, 0x000001720206f8f0, 0x000001720206dfa0,
0x0000017202074f00, 0x0000017202075410, 0x0000017202071c60, 0x00000172020735b0,
0x0000017202075920, 0x00000172020730a0, 0x0000017202072680, 0x00000172020744e0,
0x0000017202073ac0, 0x0000017202fa8060, 0x0000017202fa94a0, 0x0000017202fabd20,
0x0000017202fa9ec0, 0x0000017202faa3d0, 0x0000017202fa8570, 0x0000017202fab810,
0x0000017202fac230, 0x0000017202fa8f90, 0x0000017202fa8a80, 0x0000017202faadf0,
0x0000017202fac740, 0x0000017202fad160, 0x0000017202fa99b0, 0x0000017202fad670,
0x0000017202fadb80, 0x0000017202fae090, 0x0000017202fae5a0, 0x0000017202fab300,
0x0000017202faeab0, 0x0000017202faefc0, 0x0000017202faf4d0, 0x0000017202faf9e0,
0x0000017203530420, 0x000001720352f4f0, 0x0000017203530930, 0x000001720352fa00,
0x000001720352ff10, 0x000001720352e0b0, 0x000001720352efe0, 0x0000017203530e40,
0x0000017203531350, 0x0000017203531860, 0x000001720352e5c0, 0x000001720352ead0,
0x00000172037f30a0, 0x00000172037f5410, 0x00000172037f35b0, 0x00000172037f3fd0,
0x00000172037f2b90, 0x00000172037f2170, 0x00000172037f49f0, 0x00000172037f5e30,
0x00000172037f4f00, 0x00000172037f2680, 0x00000172037f6340, 0x00000172037f3ac0,
0x00000172037f6850, 0x00000172037f7270, 0x00000172037f81a0, 0x00000172037f86b0,
0x00000172037f8bc0, 0x00000172037f95e0, 0x00000172012b8d40, 0x000001727d8a62a0,
0x000001727d8a67b0, 0x000001727d8a5d90, 0x000001727d8a5880, 0x000001727d8a3510,
0x000001727d8a6cc0, 0x000001727d8a71d0, 0x000001727d8a3a20, 0x000001727d8a76e0,
0x000001727d8a4440, 0x000001727d8a4950, 0x000001727d8a3f30, 0x000001727d8a7bf0,
0x000001727d8a8100, 0x000001727d8a8610, 0x000001727d8a4e60, 0x000001727d8a8b20,
0x000001727d8a5370, 0x000001727d8a9030, 0x000001727d8a9540, 0x000001727d8a9a50,
0x000001727d8a9f60, 0x000001727d8aa470, 0x000001727d8aa980, 0x000001727d8aae90,
0x000001727dcecea0, 0x0000017201cbdfb0, 0x0000017201cbe4c0, 0x0000017201cc0830,
0x0000017201cbe9d0, 0x0000017201cbeee0, 0x0000017201cbfe10, 0x0000017201cbd590,
0x0000017201cbf3f0, 0x0000017201cbf900, 0x0000017201cbd080, 0x0000017201cbdaa0,
0x0000017201cc0320, 0x0000017200e31bb0, 0x0000017200e31190, 0x0000017200e316a0,
0x0000017200e320c0, 0x0000017200e325d0, 0x0000017200e30770, 0x0000017200e32ae0,
0x0000017200e33500, 0x0000017200e34430, 0x0000017200e30c80, 0x0000017200e34e50,
0x0000017200e35360, 0x0000017200e35870, 0x0000017200e32ff0, 0x0000017200e36cb0,
0x0000017200e33f20, 0x0000017200e35d80, 0x0000017200e36290, 0x0000017200e367a0,
0x0000017200e380f0, 0x0000017200e371c0, 0x0000017200e34940, 0x0000017200e376d0,
0x0000017200e37be0, 0x000001725d9c28a0, 0x000001725d9c2db0, 0x000001725d9c1e80,
0x000001725d9c32c0, 0x000001725d9c37d0, 0x000001725d9c4700, 0x000001725d9c3ce0,
0x000001725d9c2390, 0x000001725d9c4c10, 0x000001725d9c1970, 0x000001725d9c41f0,
0x000001725d9c1460, 0x000001725d9c79a0, 0x000001725d9c7eb0, 0x000001725d9c88d0,
0x000001725d9c5b40, 0x000001725d9c5630, 0x000001725d9c6050, 0x000001725d9c6560,
0x000001725d9c6a70, 0x000001725d9c5120, 0x000001725d9c83c0, 0x000001725d9c8de0,
0x000001725d9c6f80, 0x000001725d9c7490, 0x000001725d2a6130, 0x000001725d2a6640,
0x000001725d2a5710, 0x000001725d2a7060, 0x000001725d2a3dc0, 0x000001725d2a7570,
0x000001725d2a47e0, 0x000001725d2a5200, 0x000001725d2a7f90, 0x000001725d2a84a0,
0x000001725d2aa810, 0x000001725d2a9df0, 0x000001725d2afe20, 0x000001725d2b0840,
0x000001725d2adfc0, 0x000001725d2ae9e0, 0x000001725d2af400, 0x000001725d2ae4d0,
0x000001725d2af910, 0x000001725d2b0330, 0x000001725d2b0d50, 0x000001725d2ab230,
0x000001725d2abc50, 0x000001725d2b2190, 0x000001725d2b26a0, 0x000001725d2b2bb0,
0x000001725d2b30c0, 0x0000017200e33a10, 0x00000172012b9250, 0x0000017202faa8e0,
0x00000172037f5920, 0x000001725d2a93d0, 0x0000017208be8a80, 0x0000017208beadf0,
0x0000017208be99b0, 0x0000017208be9ec0, 0x0000017208bea8e0, 0x0000017208bea3d0,
0x0000017208beb300, 0x0000017208beb810, 0x0000017208be8060, 0x0000017208be8570,
0x0000017208bee5a0, 0x0000017208bee090, 0x0000017208bf2260, 0x0000017208bf1d50,
0x0000017208befef0, 0x0000017208bf0910, 0x0000017208bf3190, 0x0000017208bf0e20,
0x0000017208bf3bb0, 0x0000017208bf45d0, 0x0000017208bf1840, 0x0000017208bf4ae0,
0x0000017208bf5500, 0x0000017208bf36a0, 0x0000017208bf40c0, 0x0000017208bf6430,
0x0000017208bf6940, 0x0000017208bf7360, 0x0000017208bf5a10, 0x0000017208bf6e50,
0x0000017208bf7870, 0x00000172037f1c60, 0x000001725d2ab740, 0x000001720ba4efc0,
0x000001720ba4f9e0, 0x000001720ba4fef0, 0x000001720ba4eab0, 0x000001720c637dc0,
0x000001720c5fc390, 0x000001720c5faf50, 0x000001720c6382d0, 0x000001720c6387e0,
0x00000172012c9940, 0x00000172012c9430, 0x000001720a1f9980, 0x000001720a1f9e90,
0x000001720c5f2fb0, 0x000001720c5f34c0, 0x000001720b5eec50, 0x000001720b5ef160,
0x000001720c5fc8a0, 0x000001720c5fb970, 0x000001720aef6810, 0x000001720aef3060,
0x000001720b4fd9c0, 0x000001720aef4ec0, 0x00000172003105f0, 0x000001720aef5df0,
0x000001720aef3a80, 0x00000172012c8500, 0x00000172012c7ff0, 0x0000017203d91060,
0x0000017203d915b0, 0x000001720b8e7030, 0x000001720a0faa20
}

Java Threads: ( => current thread )
  0x000001723e376210 JavaThread "main" [_thread_blocked, id=4836, stack(0x0000003a39d00000,0x0000003a39e00000)]
  0x000001725c563f70 JavaThread "Reference Handler" daemon [_thread_blocked, id=26524, stack(0x0000003a3a400000,0x0000003a3a500000)]
  0x000001725c568070 JavaThread "Finalizer" daemon [_thread_blocked, id=14592, stack(0x0000003a3a500000,0x0000003a3a600000)]
  0x000001725c5923f0 JavaThread "Signal Dispatcher" daemon [_thread_blocked, id=18248, stack(0x0000003a3a600000,0x0000003a3a700000)]
  0x000001725c592cc0 JavaThread "Attach Listener" daemon [_thread_blocked, id=18240, stack(0x0000003a3a700000,0x0000003a3a800000)]
  0x000001725c593590 JavaThread "Service Thread" daemon [_thread_blocked, id=21528, stack(0x0000003a3a800000,0x0000003a3a900000)]
  0x000001725c593e60 JavaThread "Monitor Deflation Thread" daemon [_thread_blocked, id=8800, stack(0x0000003a3a900000,0x0000003a3aa00000)]
=>0x000001725c596e80 JavaThread "C2 CompilerThread0" daemon [_thread_in_native, id=26392, stack(0x0000003a3aa00000,0x0000003a3ab00000)]
  0x000001725c599850 JavaThread "C1 CompilerThread0" daemon [_thread_blocked, id=28500, stack(0x0000003a3ab00000,0x0000003a3ac00000)]
  0x000001725c59bd80 JavaThread "Sweeper thread" daemon [_thread_blocked, id=23220, stack(0x0000003a3ac00000,0x0000003a3ad00000)]
  0x000001725c551910 JavaThread "Common-Cleaner" daemon [_thread_blocked, id=18352, stack(0x0000003a3ad00000,0x0000003a3ae00000)]
  0x000001725d48ec60 JavaThread "Notification Thread" daemon [_thread_blocked, id=27028, stack(0x0000003a3b200000,0x0000003a3b300000)]
  0x000001725db49cb0 JavaThread "Daemon health stats" [_thread_blocked, id=27140, stack(0x0000003a3b900000,0x0000003a3ba00000)]
  0x000001727e0144d0 JavaThread "Incoming local TCP Connector on port 56647" [_thread_in_native, id=3616, stack(0x0000003a3bc00000,0x0000003a3bd00000)]
  0x000001727e6c5560 JavaThread "Daemon periodic checks" [_thread_blocked, id=26744, stack(0x0000003a3bd00000,0x0000003a3be00000)]
  0x000001727e68e600 JavaThread "Daemon" [_thread_blocked, id=27628, stack(0x0000003a3be00000,0x0000003a3bf00000)]
  0x000001727e6ff820 JavaThread "Handler for socket connection from /127.0.0.1:56647 to /127.0.0.1:56648" [_thread_in_native, id=22604, stack(0x0000003a3bf00000,0x0000003a3c000000)]
  0x000001727dceed00 JavaThread "Cancel handler" [_thread_blocked, id=19364, stack(0x0000003a3c000000,0x0000003a3c100000)]
  0x000001727dceb550 JavaThread "Daemon worker" [_thread_blocked, id=2536, stack(0x0000003a3c100000,0x0000003a3c200000)]
  0x000001727dceba60 JavaThread "Asynchronous log dispatcher for DefaultDaemonConnection: socket connection from /127.0.0.1:56647 to /127.0.0.1:56648" [_thread_blocked, id=4964, stack(0x0000003a3c200000,0x0000003a3c300000)]
  0x000001727dcec480 JavaThread "Stdin handler" [_thread_blocked, id=13196, stack(0x0000003a3c300000,0x0000003a3c400000)]
  0x000001727dcebf70 JavaThread "Daemon client event forwarder" [_thread_blocked, id=28392, stack(0x0000003a3c400000,0x0000003a3c500000)]
  0x000001727dced3b0 JavaThread "Cache worker for journal cache (C:\Users\asus\.gradle\caches\journal-1)" [_thread_blocked, id=7888, stack(0x0000003a3c500000,0x0000003a3c600000)]
  0x000001727dceddd0 JavaThread "File lock request listener" [_thread_in_native, id=5452, stack(0x0000003a3c600000,0x0000003a3c700000)]
  0x000001727dcee7f0 JavaThread "Cache worker for file hash cache (C:\Users\asus\.gradle\caches\9.3.1\fileHashes)" [_thread_blocked, id=19684, stack(0x0000003a3c700000,0x0000003a3c800000)]
  0x000001727dcee2e0 JavaThread "Cache worker for file hash cache (C:\Users\asus\Desktop\ORBO DOC\ORBO_DOC_MOBAPP\android\.gradle\9.3.1\fileHashes)" [_thread_blocked, id=10556, stack(0x0000003a3cf00000,0x0000003a3d000000)]
  0x00000172012b5fb0 JavaThread "Cache worker for Build Output Cleanup Cache (C:\Users\asus\Desktop\ORBO DOC\ORBO_DOC_MOBAPP\android\.gradle\buildOutputCleanup)" [_thread_blocked, id=11376, stack(0x0000003a3d000000,0x0000003a3d100000)]
  0x00000172012b73f0 JavaThread "File watcher server" daemon [_thread_in_native, id=16480, stack(0x0000003a3d100000,0x0000003a3d200000)]
  0x00000172012b7900 JavaThread "File watcher consumer" daemon [_thread_blocked, id=24928, stack(0x0000003a3d200000,0x0000003a3d300000)]
  0x00000172012b7e10 JavaThread "Cache worker for checksums cache (C:\Users\asus\Desktop\ORBO DOC\ORBO_DOC_MOBAPP\android\.gradle\9.3.1\checksums)" [_thread_blocked, id=25392, stack(0x0000003a3d300000,0x0000003a3d400000)]
  0x00000172012b8320 JavaThread "Cache worker for file content cache (C:\Users\asus\.gradle\caches\9.3.1\fileContent)" [_thread_blocked, id=11012, stack(0x0000003a3d400000,0x0000003a3d500000)]
  0x00000172012b9760 JavaThread "Cache worker for cache directory md-supplier (C:\Users\asus\.gradle\caches\9.3.1\md-supplier)" [_thread_blocked, id=20428, stack(0x0000003a3d500000,0x0000003a3d600000)]
  0x00000172012b9c70 JavaThread "Cache worker for cache directory md-rule (C:\Users\asus\.gradle\caches\9.3.1\md-rule)" [_thread_blocked, id=25568, stack(0x0000003a3d600000,0x0000003a3d700000)]
  0x00000172012ba180 JavaThread "jar transforms" [_thread_blocked, id=25700, stack(0x0000003a3d700000,0x0000003a3d800000)]
  0x00000172012b8830 JavaThread "Exec process" [_thread_blocked, id=14860, stack(0x0000003a3d800000,0x0000003a3d900000)]
  0x00000172012b69d0 JavaThread "Exec process Thread 2" [_thread_blocked, id=26312, stack(0x0000003a3d900000,0x0000003a3da00000)]
  0x00000172012ba690 JavaThread "Exec process Thread 3" [_thread_blocked, id=25968, stack(0x0000003a3da00000,0x0000003a3db00000)]
  0x00000172012b6ee0 JavaThread "Cache worker for Build Output Cleanup Cache (C:\Users\asus\Desktop\ORBO DOC\ORBO_DOC_MOBAPP\node_modules\@react-native\gradle-plugin\.gradle\buildOutputCleanup)" [_thread_blocked, id=28444, stack(0x0000003a3db00000,0x0000003a3dc00000)]
  0x00000172012bbad0 JavaThread "Unconstrained build operations" [_thread_blocked, id=24080, stack(0x0000003a3dd00000,0x0000003a3de00000)]
  0x00000172012bd420 JavaThread "Unconstrained build operations Thread 2" [_thread_blocked, id=27152, stack(0x0000003a3de00000,0x0000003a3df00000)]
  0x00000172012bcf10 JavaThread "Unconstrained build operations Thread 3" [_thread_blocked, id=22696, stack(0x0000003a3df00000,0x0000003a3e000000)]
  0x00000172012bd930 JavaThread "Cache worker for Build Output Cleanup Cache (C:\Users\asus\Desktop\ORBO DOC\ORBO_DOC_MOBAPP\node_modules\expo-modules-autolinking\android\expo-gradle-plugin\.gradle\buildOutputCleanup)" [_thread_blocked, id=28620, stack(0x0000003a3b100000,0x0000003a3b200000)]
  0x00000172012baba0 JavaThread "Unconstrained build operations Thread 4" [_thread_blocked, id=22536, stack(0x0000003a3e100000,0x0000003a3e200000)]
  0x00000172012bb5c0 JavaThread "Unconstrained build operations Thread 5" [_thread_blocked, id=468, stack(0x0000003a3e200000,0x0000003a3e300000)]
  0x00000172012bb0b0 JavaThread "Unconstrained build operations Thread 6" [_thread_blocked, id=28480, stack(0x0000003a3e300000,0x0000003a3e400000)]
  0x00000172012bbfe0 JavaThread "Unconstrained build operations Thread 7" [_thread_blocked, id=26816, stack(0x0000003a3e400000,0x0000003a3e500000)]
  0x00000172012bca00 JavaThread "Unconstrained build operations Thread 8" [_thread_blocked, id=17992, stack(0x0000003a3e500000,0x0000003a3e600000)]
  0x00000172026d3ec0 JavaThread "Unconstrained build operations Thread 9" [_thread_blocked, id=6524, stack(0x0000003a3e600000,0x0000003a3e700000)]
  0x00000172026d4df0 JavaThread "Unconstrained build operations Thread 10" [_thread_blocked, id=28508, stack(0x0000003a3e700000,0x0000003a3e800000)]
  0x00000172026d5300 JavaThread "Unconstrained build operations Thread 11" [_thread_blocked, id=18636, stack(0x0000003a3e800000,0x0000003a3e900000)]
  0x00000172026d34a0 JavaThread "Unconstrained build operations Thread 12" [_thread_blocked, id=25096, stack(0x0000003a3e900000,0x0000003a3ea00000)]
  0x00000172026d39b0 JavaThread "Unconstrained build operations Thread 13" [_thread_blocked, id=26248, stack(0x0000003a3ea00000,0x0000003a3eb00000)]
  0x00000172026d5810 JavaThread "Unconstrained build operations Thread 14" [_thread_blocked, id=23852, stack(0x0000003a3eb00000,0x0000003a3ec00000)]
  0x00000172026d43d0 JavaThread "Unconstrained build operations Thread 15" [_thread_blocked, id=14644, stack(0x0000003a3ec00000,0x0000003a3ed00000)]
  0x00000172026d48e0 JavaThread "Unconstrained build operations Thread 16" [_thread_blocked, id=6640, stack(0x0000003a3ed00000,0x0000003a3ee00000)]
  0x00000172026d2060 JavaThread "Unconstrained build operations Thread 17" [_thread_blocked, id=27016, stack(0x0000003a3ee00000,0x0000003a3ef00000)]
  0x00000172026d5d20 JavaThread "Unconstrained build operations Thread 18" [_thread_blocked, id=17500, stack(0x0000003a3ef00000,0x0000003a3f000000)]
  0x00000172026d2570 JavaThread "Unconstrained build operations Thread 19" [_thread_blocked, id=12628, stack(0x0000003a3f000000,0x0000003a3f100000)]
  0x00000172026d6230 JavaThread "Unconstrained build operations Thread 20" [_thread_blocked, id=13656, stack(0x0000003a3f100000,0x0000003a3f200000)]
  0x00000172026d2f90 JavaThread "Unconstrained build operations Thread 21" [_thread_blocked, id=25656, stack(0x0000003a3f200000,0x0000003a3f300000)]
  0x00000172026d2a80 JavaThread "Unconstrained build operations Thread 22" [_thread_blocked, id=3620, stack(0x0000003a3f300000,0x0000003a3f400000)]
  0x00000172026d8ab0 JavaThread "Unconstrained build operations Thread 23" [_thread_blocked, id=6716, stack(0x0000003a3f400000,0x0000003a3f500000)]
  0x00000172026d7160 JavaThread "Unconstrained build operations Thread 24" [_thread_blocked, id=22736, stack(0x0000003a3f500000,0x0000003a3f600000)]
  0x00000172026d94d0 JavaThread "Unconstrained build operations Thread 25" [_thread_blocked, id=27604, stack(0x0000003a3f600000,0x0000003a3f700000)]
  0x00000172026d85a0 JavaThread "Unconstrained build operations Thread 26" [_thread_blocked, id=22656, stack(0x0000003a3f700000,0x0000003a3f800000)]
  0x00000172026d8090 JavaThread "Unconstrained build operations Thread 27" [_thread_blocked, id=21608, stack(0x0000003a3f800000,0x0000003a3f900000)]
  0x00000172026d6740 JavaThread "Unconstrained build operations Thread 28" [_thread_blocked, id=23748, stack(0x0000003a3f900000,0x0000003a3fa00000)]
  0x00000172026d6c50 JavaThread "Unconstrained build operations Thread 29" [_thread_blocked, id=7500, stack(0x0000003a3fa00000,0x0000003a3fb00000)]
  0x00000172026d7670 JavaThread "Unconstrained build operations Thread 30" [_thread_blocked, id=24824, stack(0x0000003a3fb00000,0x0000003a3fc00000)]
  0x00000172026d7b80 JavaThread "Unconstrained build operations Thread 31" [_thread_blocked, id=12284, stack(0x0000003a3fc00000,0x0000003a3fd00000)]
  0x00000172026d8fc0 JavaThread "Unconstrained build operations Thread 32" [_thread_blocked, id=21724, stack(0x0000003a3fd00000,0x0000003a3fe00000)]
  0x00000172026d99e0 JavaThread "Unconstrained build operations Thread 33" [_thread_blocked, id=13952, stack(0x0000003a3fe00000,0x0000003a3ff00000)]
  0x0000017202070820 JavaThread "Unconstrained build operations Thread 34" [_thread_blocked, id=15624, stack(0x0000003a3ff00000,0x0000003a40000000)]
  0x0000017202070d30 JavaThread "Unconstrained build operations Thread 35" [_thread_blocked, id=5016, stack(0x0000003a40000000,0x0000003a40100000)]
  0x0000017202071240 JavaThread "Unconstrained build operations Thread 36" [_thread_blocked, id=15372, stack(0x0000003a40100000,0x0000003a40200000)]
  0x000001720206fe00 JavaThread "Unconstrained build operations Thread 37" [_thread_blocked, id=6572, stack(0x0000003a40200000,0x0000003a40300000)]
  0x0000017202070310 JavaThread "Unconstrained build operations Thread 38" [_thread_blocked, id=13984, stack(0x0000003a40300000,0x0000003a40400000)]
  0x000001720206eed0 JavaThread "Unconstrained build operations Thread 39" [_thread_blocked, id=7204, stack(0x0000003a40400000,0x0000003a40500000)]
  0x000001720206e4b0 JavaThread "Unconstrained build operations Thread 40" [_thread_blocked, id=2320, stack(0x0000003a40500000,0x0000003a40600000)]
  0x000001720206e9c0 JavaThread "Unconstrained build operations Thread 41" [_thread_blocked, id=27816, stack(0x0000003a40600000,0x0000003a40700000)]
  0x000001720206f3e0 JavaThread "Unconstrained build operations Thread 42" [_thread_blocked, id=11944, stack(0x0000003a40700000,0x0000003a40800000)]
  0x0000017202071750 JavaThread "Unconstrained build operations Thread 43" [_thread_blocked, id=3812, stack(0x0000003a40800000,0x0000003a40900000)]
  0x000001720206f8f0 JavaThread "Unconstrained build operations Thread 44" [_thread_blocked, id=14276, stack(0x0000003a40900000,0x0000003a40a00000)]
  0x000001720206dfa0 JavaThread "Unconstrained build operations Thread 45" [_thread_blocked, id=28596, stack(0x0000003a40a00000,0x0000003a40b00000)]
  0x0000017202074f00 JavaThread "Unconstrained build operations Thread 46" [_thread_blocked, id=2836, stack(0x0000003a40b00000,0x0000003a40c00000)]
  0x0000017202075410 JavaThread "Unconstrained build operations Thread 47" [_thread_blocked, id=4184, stack(0x0000003a40c00000,0x0000003a40d00000)]
  0x0000017202071c60 JavaThread "Unconstrained build operations Thread 48" [_thread_blocked, id=13764, stack(0x0000003a40d00000,0x0000003a40e00000)]
  0x00000172020735b0 JavaThread "build event listener" [_thread_blocked, id=27720, stack(0x0000003a40e00000,0x0000003a40f00000)]
  0x0000017202075920 JavaThread "Memory manager" [_thread_blocked, id=24308, stack(0x0000003a40f00000,0x0000003a41000000)]
  0x00000172020730a0 JavaThread "Problems report writer" [_thread_blocked, id=28652, stack(0x0000003a41000000,0x0000003a41100000)]
  0x0000017202072680 JavaThread "Unconstrained build operations Thread 49" [_thread_blocked, id=23684, stack(0x0000003a41100000,0x0000003a41200000)]
  0x00000172020744e0 JavaThread "Unconstrained build operations Thread 50" [_thread_blocked, id=23768, stack(0x0000003a41200000,0x0000003a41300000)]
  0x0000017202073ac0 JavaThread "Unconstrained build operations Thread 51" [_thread_blocked, id=26404, stack(0x0000003a41300000,0x0000003a41400000)]
  0x0000017202fa8060 JavaThread "Unconstrained build operations Thread 52" [_thread_blocked, id=20244, stack(0x0000003a41400000,0x0000003a41500000)]
  0x0000017202fa94a0 JavaThread "Unconstrained build operations Thread 53" [_thread_blocked, id=16288, stack(0x0000003a41500000,0x0000003a41600000)]
  0x0000017202fabd20 JavaThread "Unconstrained build operations Thread 54" [_thread_blocked, id=14112, stack(0x0000003a41600000,0x0000003a41700000)]
  0x0000017202fa9ec0 JavaThread "Unconstrained build operations Thread 55" [_thread_blocked, id=21300, stack(0x0000003a41700000,0x0000003a41800000)]
  0x0000017202faa3d0 JavaThread "Unconstrained build operations Thread 56" [_thread_blocked, id=3796, stack(0x0000003a41800000,0x0000003a41900000)]
  0x0000017202fa8570 JavaThread "Unconstrained build operations Thread 57" [_thread_blocked, id=25208, stack(0x0000003a41900000,0x0000003a41a00000)]
  0x0000017202fab810 JavaThread "Unconstrained build operations Thread 58" [_thread_blocked, id=7820, stack(0x0000003a41a00000,0x0000003a41b00000)]
  0x0000017202fac230 JavaThread "Unconstrained build operations Thread 59" [_thread_blocked, id=26316, stack(0x0000003a41b00000,0x0000003a41c00000)]
  0x0000017202fa8f90 JavaThread "Unconstrained build operations Thread 60" [_thread_blocked, id=28084, stack(0x0000003a41c00000,0x0000003a41d00000)]
  0x0000017202fa8a80 JavaThread "Unconstrained build operations Thread 61" [_thread_blocked, id=15512, stack(0x0000003a41d00000,0x0000003a41e00000)]
  0x0000017202faadf0 JavaThread "Unconstrained build operations Thread 62" [_thread_blocked, id=28076, stack(0x0000003a41e00000,0x0000003a41f00000)]
  0x0000017202fac740 JavaThread "Unconstrained build operations Thread 63" [_thread_blocked, id=10604, stack(0x0000003a41f00000,0x0000003a42000000)]
  0x0000017202fad160 JavaThread "build event listener" [_thread_blocked, id=26768, stack(0x0000003a42000000,0x0000003a42100000)]
  0x0000017202fa99b0 JavaThread "Unconstrained build operations Thread 64" [_thread_blocked, id=2112, stack(0x0000003a3e000000,0x0000003a3e100000)]
  0x0000017202fad670 JavaThread "Unconstrained build operations Thread 65" [_thread_blocked, id=16468, stack(0x0000003a42100000,0x0000003a42200000)]
  0x0000017202fadb80 JavaThread "Unconstrained build operations Thread 66" [_thread_blocked, id=27224, stack(0x0000003a42200000,0x0000003a42300000)]
  0x0000017202fae090 JavaThread "Unconstrained build operations Thread 67" [_thread_blocked, id=8244, stack(0x0000003a42300000,0x0000003a42400000)]
  0x0000017202fae5a0 JavaThread "Unconstrained build operations Thread 68" [_thread_blocked, id=23620, stack(0x0000003a42400000,0x0000003a42500000)]
  0x0000017202fab300 JavaThread "Unconstrained build operations Thread 69" [_thread_blocked, id=20052, stack(0x0000003a42500000,0x0000003a42600000)]
  0x0000017202faeab0 JavaThread "Unconstrained build operations Thread 70" [_thread_blocked, id=21572, stack(0x0000003a42600000,0x0000003a42700000)]
  0x0000017202faefc0 JavaThread "Unconstrained build operations Thread 71" [_thread_blocked, id=12840, stack(0x0000003a42700000,0x0000003a42800000)]
  0x0000017202faf4d0 JavaThread "Unconstrained build operations Thread 72" [_thread_blocked, id=21892, stack(0x0000003a42800000,0x0000003a42900000)]
  0x0000017202faf9e0 JavaThread "Unconstrained build operations Thread 73" [_thread_blocked, id=11396, stack(0x0000003a42900000,0x0000003a42a00000)]
  0x0000017203530420 JavaThread "Unconstrained build operations Thread 74" [_thread_blocked, id=26556, stack(0x0000003a42a00000,0x0000003a42b00000)]
  0x000001720352f4f0 JavaThread "Unconstrained build operations Thread 75" [_thread_blocked, id=12584, stack(0x0000003a42b00000,0x0000003a42c00000)]
  0x0000017203530930 JavaThread "Unconstrained build operations Thread 76" [_thread_blocked, id=8820, stack(0x0000003a42c00000,0x0000003a42d00000)]
  0x000001720352fa00 JavaThread "Unconstrained build operations Thread 77" [_thread_blocked, id=23352, stack(0x0000003a42d00000,0x0000003a42e00000)]
  0x000001720352ff10 JavaThread "Unconstrained build operations Thread 78" [_thread_blocked, id=16944, stack(0x0000003a42e00000,0x0000003a42f00000)]
  0x000001720352e0b0 JavaThread "Unconstrained build operations Thread 79" [_thread_blocked, id=26100, stack(0x0000003a42f00000,0x0000003a43000000)]
  0x000001720352efe0 JavaThread "Unconstrained build operations Thread 80" [_thread_blocked, id=4656, stack(0x0000003a43000000,0x0000003a43100000)]
  0x0000017203530e40 JavaThread "Unconstrained build operations Thread 81" [_thread_blocked, id=3216, stack(0x0000003a43100000,0x0000003a43200000)]
  0x0000017203531350 JavaThread "Unconstrained build operations Thread 82" [_thread_blocked, id=15644, stack(0x0000003a43200000,0x0000003a43300000)]
  0x0000017203531860 JavaThread "Unconstrained build operations Thread 83" [_thread_blocked, id=9976, stack(0x0000003a43300000,0x0000003a43400000)]
  0x000001720352e5c0 JavaThread "Unconstrained build operations Thread 84" [_thread_blocked, id=24660, stack(0x0000003a43400000,0x0000003a43500000)]
  0x000001720352ead0 JavaThread "Unconstrained build operations Thread 85" [_thread_blocked, id=28172, stack(0x0000003a43500000,0x0000003a43600000)]
  0x00000172037f30a0 JavaThread "Unconstrained build operations Thread 86" [_thread_blocked, id=25160, stack(0x0000003a43600000,0x0000003a43700000)]
  0x00000172037f5410 JavaThread "Unconstrained build operations Thread 87" [_thread_blocked, id=16024, stack(0x0000003a43700000,0x0000003a43800000)]
  0x00000172037f35b0 JavaThread "ForkJoinPool.commonPool-worker-1" daemon [_thread_blocked, id=25884, stack(0x0000003a43800000,0x0000003a43900000)]
  0x00000172037f3fd0 JavaThread "ForkJoinPool.commonPool-worker-2" daemon [_thread_blocked, id=21236, stack(0x0000003a43900000,0x0000003a43a00000)]
  0x00000172037f2b90 JavaThread "ForkJoinPool.commonPool-worker-3" daemon [_thread_blocked, id=9616, stack(0x0000003a43a00000,0x0000003a43b00000)]
  0x00000172037f2170 JavaThread "ForkJoinPool.commonPool-worker-4" daemon [_thread_blocked, id=9136, stack(0x0000003a43b00000,0x0000003a43c00000)]
  0x00000172037f49f0 JavaThread "ForkJoinPool.commonPool-worker-5" daemon [_thread_blocked, id=2204, stack(0x0000003a43c00000,0x0000003a43d00000)]
  0x00000172037f5e30 JavaThread "ForkJoinPool.commonPool-worker-6" daemon [_thread_blocked, id=2740, stack(0x0000003a43d00000,0x0000003a43e00000)]
  0x00000172037f4f00 JavaThread "ForkJoinPool.commonPool-worker-7" daemon [_thread_blocked, id=12100, stack(0x0000003a43e00000,0x0000003a43f00000)]
  0x00000172037f2680 JavaThread "ForkJoinPool.commonPool-worker-8" daemon [_thread_blocked, id=21560, stack(0x0000003a43f00000,0x0000003a44000000)]
  0x00000172037f6340 JavaThread "ForkJoinPool.commonPool-worker-9" daemon [_thread_blocked, id=6788, stack(0x0000003a44000000,0x0000003a44100000)]
  0x00000172037f3ac0 JavaThread "ForkJoinPool.commonPool-worker-10" daemon [_thread_blocked, id=6820, stack(0x0000003a44100000,0x0000003a44200000)]
  0x00000172037f6850 JavaThread "ForkJoinPool.commonPool-worker-11" daemon [_thread_blocked, id=26908, stack(0x0000003a44200000,0x0000003a44300000)]
  0x00000172037f7270 JavaThread "ForkJoinPool.commonPool-worker-12" daemon [_thread_blocked, id=26584, stack(0x0000003a44600000,0x0000003a44700000)]
  0x00000172037f81a0 JavaThread "ForkJoinPool.commonPool-worker-13" daemon [_thread_blocked, id=9196, stack(0x0000003a44700000,0x0000003a44800000)]
  0x00000172037f86b0 JavaThread "ForkJoinPool.commonPool-worker-14" daemon [_thread_blocked, id=25152, stack(0x0000003a3b000000,0x0000003a3b100000)]
  0x00000172037f8bc0 JavaThread "ForkJoinPool.commonPool-worker-15" daemon [_thread_blocked, id=28220, stack(0x0000003a44800000,0x0000003a44900000)]
  0x00000172037f95e0 JavaThread "included builds Thread 2" [_thread_blocked, id=16760, stack(0x0000003a44a00000,0x0000003a44b00000)]
  0x00000172012b8d40 JavaThread "Execution worker" [_thread_blocked, id=20388, stack(0x0000003a44b00000,0x0000003a44c00000)]
  0x000001727d8a62a0 JavaThread "Execution worker Thread 2" [_thread_blocked, id=26796, stack(0x0000003a44c00000,0x0000003a44d00000)]
  0x000001727d8a67b0 JavaThread "Execution worker Thread 3" [_thread_in_native, id=10132, stack(0x0000003a44d00000,0x0000003a44e00000)]
  0x000001727d8a5d90 JavaThread "Execution worker Thread 4" [_thread_blocked, id=8764, stack(0x0000003a44e00000,0x0000003a44f00000)]
  0x000001727d8a5880 JavaThread "Execution worker Thread 5" [_thread_blocked, id=16600, stack(0x0000003a44f00000,0x0000003a45000000)]
  0x000001727d8a3510 JavaThread "Execution worker Thread 6" [_thread_blocked, id=26516, stack(0x0000003a45000000,0x0000003a45100000)]
  0x000001727d8a6cc0 JavaThread "Execution worker Thread 7" [_thread_blocked, id=26776, stack(0x0000003a45100000,0x0000003a45200000)]
  0x000001727d8a71d0 JavaThread "Execution worker Thread 8" [_thread_blocked, id=24200, stack(0x0000003a45200000,0x0000003a45300000)]
  0x000001727d8a3a20 JavaThread "Execution worker Thread 9" [_thread_blocked, id=4284, stack(0x0000003a45300000,0x0000003a45400000)]
  0x000001727d8a76e0 JavaThread "Execution worker Thread 10" [_thread_blocked, id=26464, stack(0x0000003a45400000,0x0000003a45500000)]
  0x000001727d8a4440 JavaThread "Execution worker Thread 11" [_thread_blocked, id=24960, stack(0x0000003a45500000,0x0000003a45600000)]
  0x000001727d8a4950 JavaThread "Execution worker Thread 12" [_thread_blocked, id=25168, stack(0x0000003a45600000,0x0000003a45700000)]
  0x000001727d8a3f30 JavaThread "Execution worker Thread 13" [_thread_blocked, id=16228, stack(0x0000003a45700000,0x0000003a45800000)]
  0x000001727d8a7bf0 JavaThread "Execution worker Thread 14" [_thread_blocked, id=3068, stack(0x0000003a45800000,0x0000003a45900000)]
  0x000001727d8a8100 JavaThread "Execution worker Thread 15" [_thread_blocked, id=5128, stack(0x0000003a45900000,0x0000003a45a00000)]
  0x000001727d8a8610 JavaThread "Cache worker for execution history cache (C:\Users\asus\Desktop\ORBO DOC\ORBO_DOC_MOBAPP\node_modules\expo-modules-autolinking\android\expo-gradle-plugin\.gradle\9.3.1\executionHistory)" [_thread_blocked, id=12964, stack(0x0000003a45a00000,0x0000003a45b00000)]
  0x000001727d8a4e60 JavaThread "Cache worker for execution history cache (C:\Users\asus\Desktop\ORBO DOC\ORBO_DOC_MOBAPP\node_modules\@react-native\gradle-plugin\.gradle\9.3.1\executionHistory)" [_thread_blocked, id=16256, stack(0x0000003a45b00000,0x0000003a45c00000)]
  0x000001727d8a8b20 JavaThread "Unconstrained build operations Thread 88" [_thread_blocked, id=21452, stack(0x0000003a45c00000,0x0000003a45d00000)]
  0x000001727d8a5370 JavaThread "Unconstrained build operations Thread 89" [_thread_blocked, id=27216, stack(0x0000003a45d00000,0x0000003a45e00000)]
  0x000001727d8a9030 JavaThread "Unconstrained build operations Thread 90" [_thread_blocked, id=15684, stack(0x0000003a45e00000,0x0000003a45f00000)]
  0x000001727d8a9540 JavaThread "Unconstrained build operations Thread 91" [_thread_blocked, id=28640, stack(0x0000003a45f00000,0x0000003a46000000)]
  0x000001727d8a9a50 JavaThread "Unconstrained build operations Thread 92" [_thread_blocked, id=18828, stack(0x0000003a46000000,0x0000003a46100000)]
  0x000001727d8a9f60 JavaThread "Unconstrained build operations Thread 93" [_thread_blocked, id=2100, stack(0x0000003a46100000,0x0000003a46200000)]
  0x000001727d8aa470 JavaThread "Unconstrained build operations Thread 94" [_thread_blocked, id=9840, stack(0x0000003a46200000,0x0000003a46300000)]
  0x000001727d8aa980 JavaThread "Unconstrained build operations Thread 95" [_thread_blocked, id=13844, stack(0x0000003a46300000,0x0000003a46400000)]
  0x000001727d8aae90 JavaThread "Unconstrained build operations Thread 96" [_thread_blocked, id=18008, stack(0x0000003a46400000,0x0000003a46500000)]
  0x000001727dcecea0 JavaThread "Unconstrained build operations Thread 97" [_thread_blocked, id=15296, stack(0x0000003a46500000,0x0000003a46600000)]
  0x0000017201cbdfb0 JavaThread "Unconstrained build operations Thread 98" [_thread_blocked, id=25712, stack(0x0000003a46600000,0x0000003a46700000)]
  0x0000017201cbe4c0 JavaThread "Unconstrained build operations Thread 99" [_thread_blocked, id=16912, stack(0x0000003a46700000,0x0000003a46800000)]
  0x0000017201cc0830 JavaThread "Unconstrained build operations Thread 100" [_thread_blocked, id=18816, stack(0x0000003a46800000,0x0000003a46900000)]
  0x0000017201cbe9d0 JavaThread "Unconstrained build operations Thread 101" [_thread_blocked, id=7736, stack(0x0000003a46900000,0x0000003a46a00000)]
  0x0000017201cbeee0 JavaThread "Unconstrained build operations Thread 102" [_thread_blocked, id=26592, stack(0x0000003a46a00000,0x0000003a46b00000)]
  0x0000017201cbfe10 JavaThread "Unconstrained build operations Thread 103" [_thread_blocked, id=20352, stack(0x0000003a46b00000,0x0000003a46c00000)]
  0x0000017201cbd590 JavaThread "Unconstrained build operations Thread 104" [_thread_blocked, id=24100, stack(0x0000003a46c00000,0x0000003a46d00000)]
  0x0000017201cbf3f0 JavaThread "Unconstrained build operations Thread 105" [_thread_blocked, id=28020, stack(0x0000003a46d00000,0x0000003a46e00000)]
  0x0000017201cbf900 JavaThread "Unconstrained build operations Thread 106" [_thread_blocked, id=8972, stack(0x0000003a46e00000,0x0000003a46f00000)]
  0x0000017201cbd080 JavaThread "Unconstrained build operations Thread 107" [_thread_blocked, id=13940, stack(0x0000003a46f00000,0x0000003a47000000)]
  0x0000017201cbdaa0 JavaThread "Unconstrained build operations Thread 108" [_thread_blocked, id=23144, stack(0x0000003a47000000,0x0000003a47100000)]
  0x0000017201cc0320 JavaThread "Unconstrained build operations Thread 109" [_thread_blocked, id=28436, stack(0x0000003a47100000,0x0000003a47200000)]
  0x0000017200e31bb0 JavaThread "Unconstrained build operations Thread 110" [_thread_blocked, id=2888, stack(0x0000003a47200000,0x0000003a47300000)]
  0x0000017200e31190 JavaThread "Unconstrained build operations Thread 111" [_thread_blocked, id=12592, stack(0x0000003a47300000,0x0000003a47400000)]
  0x0000017200e316a0 JavaThread "Unconstrained build operations Thread 112" [_thread_blocked, id=19532, stack(0x0000003a47400000,0x0000003a47500000)]
  0x0000017200e320c0 JavaThread "Unconstrained build operations Thread 113" [_thread_blocked, id=428, stack(0x0000003a47500000,0x0000003a47600000)]
  0x0000017200e325d0 JavaThread "Unconstrained build operations Thread 114" [_thread_blocked, id=26996, stack(0x0000003a47600000,0x0000003a47700000)]
  0x0000017200e30770 JavaThread "Unconstrained build operations Thread 115" [_thread_blocked, id=5484, stack(0x0000003a47700000,0x0000003a47800000)]
  0x0000017200e32ae0 JavaThread "Unconstrained build operations Thread 116" [_thread_blocked, id=9124, stack(0x0000003a47800000,0x0000003a47900000)]
  0x0000017200e33500 JavaThread "Unconstrained build operations Thread 117" [_thread_blocked, id=24932, stack(0x0000003a47900000,0x0000003a47a00000)]
  0x0000017200e34430 JavaThread "Unconstrained build operations Thread 118" [_thread_blocked, id=23464, stack(0x0000003a47a00000,0x0000003a47b00000)]
  0x0000017200e30c80 JavaThread "Unconstrained build operations Thread 119" [_thread_blocked, id=21084, stack(0x0000003a47b00000,0x0000003a47c00000)]
  0x0000017200e34e50 JavaThread "Unconstrained build operations Thread 120" [_thread_blocked, id=20684, stack(0x0000003a47c00000,0x0000003a47d00000)]
  0x0000017200e35360 JavaThread "Unconstrained build operations Thread 121" [_thread_blocked, id=14880, stack(0x0000003a47d00000,0x0000003a47e00000)]
  0x0000017200e35870 JavaThread "Unconstrained build operations Thread 122" [_thread_blocked, id=3728, stack(0x0000003a47e00000,0x0000003a47f00000)]
  0x0000017200e32ff0 JavaThread "Unconstrained build operations Thread 123" [_thread_blocked, id=23224, stack(0x0000003a47f00000,0x0000003a48000000)]
  0x0000017200e36cb0 JavaThread "Unconstrained build operations Thread 124" [_thread_blocked, id=24956, stack(0x0000003a48000000,0x0000003a48100000)]
  0x0000017200e33f20 JavaThread "Unconstrained build operations Thread 125" [_thread_blocked, id=27484, stack(0x0000003a48100000,0x0000003a48200000)]
  0x0000017200e35d80 JavaThread "Unconstrained build operations Thread 126" [_thread_blocked, id=6324, stack(0x0000003a48200000,0x0000003a48300000)]
  0x0000017200e36290 JavaThread "Unconstrained build operations Thread 127" [_thread_blocked, id=24844, stack(0x0000003a48300000,0x0000003a48400000)]
  0x0000017200e367a0 JavaThread "Unconstrained build operations Thread 128" [_thread_blocked, id=4308, stack(0x0000003a48400000,0x0000003a48500000)]
  0x0000017200e380f0 JavaThread "Unconstrained build operations Thread 129" [_thread_blocked, id=8124, stack(0x0000003a48500000,0x0000003a48600000)]
  0x0000017200e371c0 JavaThread "Unconstrained build operations Thread 130" [_thread_blocked, id=23980, stack(0x0000003a48600000,0x0000003a48700000)]
  0x0000017200e34940 JavaThread "Unconstrained build operations Thread 131" [_thread_blocked, id=24756, stack(0x0000003a48700000,0x0000003a48800000)]
  0x0000017200e376d0 JavaThread "Unconstrained build operations Thread 132" [_thread_blocked, id=26308, stack(0x0000003a48800000,0x0000003a48900000)]
  0x0000017200e37be0 JavaThread "Unconstrained build operations Thread 133" [_thread_blocked, id=22392, stack(0x0000003a48900000,0x0000003a48a00000)]
  0x000001725d9c28a0 JavaThread "Unconstrained build operations Thread 134" [_thread_blocked, id=14380, stack(0x0000003a48a00000,0x0000003a48b00000)]
  0x000001725d9c2db0 JavaThread "Unconstrained build operations Thread 135" [_thread_blocked, id=17648, stack(0x0000003a48b00000,0x0000003a48c00000)]
  0x000001725d9c1e80 JavaThread "Unconstrained build operations Thread 136" [_thread_blocked, id=5888, stack(0x0000003a48c00000,0x0000003a48d00000)]
  0x000001725d9c32c0 JavaThread "Unconstrained build operations Thread 137" [_thread_blocked, id=22652, stack(0x0000003a48d00000,0x0000003a48e00000)]
  0x000001725d9c37d0 JavaThread "Unconstrained build operations Thread 138" [_thread_blocked, id=25028, stack(0x0000003a48e00000,0x0000003a48f00000)]
  0x000001725d9c4700 JavaThread "Unconstrained build operations Thread 139" [_thread_blocked, id=24776, stack(0x0000003a48f00000,0x0000003a49000000)]
  0x000001725d9c3ce0 JavaThread "Unconstrained build operations Thread 140" [_thread_blocked, id=4968, stack(0x0000003a49000000,0x0000003a49100000)]
  0x000001725d9c2390 JavaThread "Unconstrained build operations Thread 141" [_thread_blocked, id=25032, stack(0x0000003a49100000,0x0000003a49200000)]
  0x000001725d9c4c10 JavaThread "Unconstrained build operations Thread 142" [_thread_blocked, id=19044, stack(0x0000003a49200000,0x0000003a49300000)]
  0x000001725d9c1970 JavaThread "Unconstrained build operations Thread 143" [_thread_blocked, id=21720, stack(0x0000003a49300000,0x0000003a49400000)]
  0x000001725d9c41f0 JavaThread "Unconstrained build operations Thread 144" [_thread_blocked, id=24396, stack(0x0000003a49400000,0x0000003a49500000)]
  0x000001725d9c1460 JavaThread "Unconstrained build operations Thread 145" [_thread_blocked, id=17956, stack(0x0000003a49500000,0x0000003a49600000)]
  0x000001725d9c79a0 JavaThread "Unconstrained build operations Thread 146" [_thread_blocked, id=9412, stack(0x0000003a49600000,0x0000003a49700000)]
  0x000001725d9c7eb0 JavaThread "Unconstrained build operations Thread 147" [_thread_blocked, id=28516, stack(0x0000003a49700000,0x0000003a49800000)]
  0x000001725d9c88d0 JavaThread "Unconstrained build operations Thread 148" [_thread_blocked, id=24604, stack(0x0000003a49800000,0x0000003a49900000)]
  0x000001725d9c5b40 JavaThread "Unconstrained build operations Thread 149" [_thread_blocked, id=24288, stack(0x0000003a49900000,0x0000003a49a00000)]
  0x000001725d9c5630 JavaThread "Unconstrained build operations Thread 150" [_thread_blocked, id=25132, stack(0x0000003a49c00000,0x0000003a49d00000)]
  0x000001725d9c6050 JavaThread "Unconstrained build operations Thread 151" [_thread_blocked, id=26444, stack(0x0000003a49d00000,0x0000003a49e00000)]
  0x000001725d9c6560 JavaThread "Unconstrained build operations Thread 152" [_thread_blocked, id=6504, stack(0x0000003a49e00000,0x0000003a49f00000)]
  0x000001725d9c6a70 JavaThread "Unconstrained build operations Thread 153" [_thread_blocked, id=24392, stack(0x0000003a49f00000,0x0000003a4a000000)]
  0x000001725d9c5120 JavaThread "Unconstrained build operations Thread 154" [_thread_blocked, id=12952, stack(0x0000003a4a000000,0x0000003a4a100000)]
  0x000001725d9c83c0 JavaThread "Unconstrained build operations Thread 155" [_thread_blocked, id=12740, stack(0x0000003a4a100000,0x0000003a4a200000)]
  0x000001725d9c8de0 JavaThread "Unconstrained build operations Thread 156" [_thread_blocked, id=25716, stack(0x0000003a4a200000,0x0000003a4a300000)]
  0x000001725d9c6f80 JavaThread "Unconstrained build operations Thread 157" [_thread_blocked, id=15064, stack(0x0000003a4a300000,0x0000003a4a400000)]
  0x000001725d9c7490 JavaThread "Unconstrained build operations Thread 158" [_thread_blocked, id=26520, stack(0x0000003a4a400000,0x0000003a4a500000)]
  0x000001725d2a6130 JavaThread "Unconstrained build operations Thread 159" [_thread_blocked, id=14400, stack(0x0000003a4a500000,0x0000003a4a600000)]
  0x000001725d2a6640 JavaThread "Unconstrained build operations Thread 160" [_thread_blocked, id=25496, stack(0x0000003a4a600000,0x0000003a4a700000)]
  0x000001725d2a5710 JavaThread "jar transforms Thread 2" [_thread_blocked, id=424, stack(0x0000003a4a700000,0x0000003a4a800000)]
  0x000001725d2a7060 JavaThread "Cache worker for Build Output Cleanup Cache (C:\Users\asus\Desktop\ORBO DOC\ORBO_DOC_MOBAPP\node_modules\expo-modules-core\expo-module-gradle-plugin\.gradle\buildOutputCleanup)" [_thread_blocked, id=27040, stack(0x0000003a3ae00000,0x0000003a3af00000)]
  0x000001725d2a3dc0 JavaThread "build event listener" [_thread_blocked, id=17620, stack(0x0000003a4a900000,0x0000003a4aa00000)]
  0x000001725d2a7570 JavaThread "jar transforms Thread 3" [_thread_blocked, id=20088, stack(0x0000003a4aa00000,0x0000003a4ab00000)]
  0x000001725d2a47e0 JavaThread "Cache worker for execution history cache (C:\Users\asus\Desktop\ORBO DOC\ORBO_DOC_MOBAPP\node_modules\expo-modules-core\expo-module-gradle-plugin\.gradle\9.3.1\executionHistory)" [_thread_blocked, id=23588, stack(0x0000003a4ac00000,0x0000003a4ad00000)]
  0x000001725d2a5200 JavaThread "jar transforms Thread 4" [_thread_blocked, id=25280, stack(0x0000003a4ad00000,0x0000003a4ae00000)]
  0x000001725d2a7f90 JavaThread "jar transforms Thread 5" [_thread_blocked, id=12096, stack(0x0000003a4af00000,0x0000003a4b000000)]
  0x000001725d2a84a0 JavaThread "jar transforms Thread 6" [_thread_blocked, id=1876, stack(0x0000003a4b000000,0x0000003a4b100000)]
  0x000001725d2aa810 JavaThread "build event listener" [_thread_blocked, id=804, stack(0x0000003a4ae00000,0x0000003a4af00000)]
  0x000001725d2a9df0 JavaThread "jar transforms Thread 7" [_thread_blocked, id=24104, stack(0x0000003a4b500000,0x0000003a4b600000)]
  0x000001725d2afe20 JavaThread "jar transforms Thread 8" [_thread_blocked, id=11940, stack(0x0000003a4b600000,0x0000003a4b700000)]
  0x000001725d2b0840 JavaThread "jar transforms Thread 9" [_thread_blocked, id=27732, stack(0x0000003a4b700000,0x0000003a4b800000)]
  0x000001725d2adfc0 JavaThread "jar transforms Thread 10" [_thread_blocked, id=27636, stack(0x0000003a4b800000,0x0000003a4b900000)]
  0x000001725d2ae9e0 JavaThread "jar transforms Thread 11" [_thread_blocked, id=26528, stack(0x0000003a4b900000,0x0000003a4ba00000)]
  0x000001725d2af400 JavaThread "jar transforms Thread 12" [_thread_blocked, id=15164, stack(0x0000003a4ba00000,0x0000003a4bb00000)]
  0x000001725d2ae4d0 JavaThread "jar transforms Thread 13" [_thread_blocked, id=22500, stack(0x0000003a4bb00000,0x0000003a4bc00000)]
  0x000001725d2af910 JavaThread "jar transforms Thread 14" [_thread_blocked, id=8920, stack(0x0000003a4bc00000,0x0000003a4bd00000)]
  0x000001725d2b0330 JavaThread "jar transforms Thread 15" [_thread_blocked, id=9052, stack(0x0000003a4bd00000,0x0000003a4be00000)]
  0x000001725d2b0d50 JavaThread "jar transforms Thread 16" [_thread_blocked, id=10548, stack(0x0000003a4be00000,0x0000003a4bf00000)]
  0x000001725d2ab230 JavaThread "Cache worker for execution history cache (C:\Users\asus\Desktop\ORBO DOC\ORBO_DOC_MOBAPP\android\.gradle\9.3.1\executionHistory)" [_thread_blocked, id=15284, stack(0x0000003a4c000000,0x0000003a4c100000)]
  0x000001725d2abc50 JavaThread "Exec process Thread 4" [_thread_blocked, id=26216, stack(0x0000003a4c100000,0x0000003a4c200000)]
  0x000001725d2b2190 JavaThread "Exec process Thread 5" [_thread_blocked, id=16884, stack(0x0000003a4c200000,0x0000003a4c300000)]
  0x000001725d2b26a0 JavaThread "Exec process Thread 6" [_thread_blocked, id=23640, stack(0x0000003a4c300000,0x0000003a4c400000)]
  0x000001725d2b2bb0 JavaThread "Exec process Thread 7" [_thread_blocked, id=26292, stack(0x0000003a4c400000,0x0000003a4c500000)]
  0x000001725d2b30c0 JavaThread "Exec process Thread 8" [_thread_blocked, id=12816, stack(0x0000003a4c500000,0x0000003a4c600000)]
  0x0000017200e33a10 JavaThread "Exec process Thread 9" [_thread_blocked, id=24040, stack(0x0000003a4c600000,0x0000003a4c700000)]
  0x00000172012b9250 JavaThread "WorkerExecutor Queue" [_thread_blocked, id=23800, stack(0x0000003a4c700000,0x0000003a4c800000)]
  0x0000017202faa8e0 JavaThread "WorkerExecutor Queue Thread 2" [_thread_in_native, id=26484, stack(0x0000003a4c800000,0x0000003a4c900000)]
  0x00000172037f5920 JavaThread "WorkerExecutor Queue Thread 3" [_thread_blocked, id=6904, stack(0x0000003a4c900000,0x0000003a4ca00000)]
  0x000001725d2a93d0 JavaThread "WorkerExecutor Queue Thread 5" [_thread_in_vm, id=24832, stack(0x0000003a4cb00000,0x0000003a4cc00000)]
  0x0000017208be8a80 JavaThread "WorkerExecutor Queue Thread 6" [_thread_blocked, id=14796, stack(0x0000003a4cc00000,0x0000003a4cd00000)]
  0x0000017208beadf0 JavaThread "WorkerExecutor Queue Thread 7" [_thread_blocked, id=18344, stack(0x0000003a4cd00000,0x0000003a4ce00000)]
  0x0000017208be99b0 JavaThread "Exec process Thread 10" [_thread_in_native, id=26052, stack(0x0000003a4cf00000,0x0000003a4d000000)]
  0x0000017208be9ec0 JavaThread "WorkerExecutor Queue Thread 9" [_thread_blocked, id=7896, stack(0x0000003a4d000000,0x0000003a4d100000)]
  0x0000017208bea8e0 JavaThread "WorkerExecutor Queue Thread 10" [_thread_blocked, id=18520, stack(0x0000003a4d100000,0x0000003a4d200000)]
  0x0000017208bea3d0 JavaThread "WorkerExecutor Queue Thread 11" [_thread_blocked, id=28492, stack(0x0000003a4d200000,0x0000003a4d300000)]
  0x0000017208beb300 JavaThread "WorkerExecutor Queue Thread 12" [_thread_blocked, id=22632, stack(0x0000003a4d300000,0x0000003a4d400000)]
  0x0000017208beb810 JavaThread "Exec process Thread 11" [_thread_in_native, id=2456, stack(0x0000003a4d400000,0x0000003a4d500000)]
  0x0000017208be8060 JavaThread "Exec process Thread 12" [_thread_in_native, id=24860, stack(0x0000003a4d500000,0x0000003a4d600000)]
  0x0000017208be8570 JavaThread "WorkerExecutor Queue Thread 14" [_thread_blocked, id=24948, stack(0x0000003a4d700000,0x0000003a4d800000)]
  0x0000017208bee5a0 JavaThread "WorkerExecutor Queue Thread 16" [_thread_blocked, id=18100, stack(0x0000003a4d900000,0x0000003a4da00000)]
  0x0000017208bee090 JavaThread "WorkerExecutor Queue Thread 17" [_thread_blocked, id=14372, stack(0x0000003a4da00000,0x0000003a4db00000)]
  0x0000017208bf2260 JavaThread "pool-3-thread-1" [_thread_blocked, id=16692, stack(0x0000003a4db00000,0x0000003a4dc00000)]
  0x0000017208bf1d50 JavaThread "stderr" [_thread_in_native, id=22900, stack(0x0000003a4dc00000,0x0000003a4dd00000)]
  0x0000017208befef0 JavaThread "stdout" [_thread_in_native, id=15428, stack(0x0000003a4dd00000,0x0000003a4de00000)]
  0x0000017208bf0910 JavaThread "Cache worker for Java compile cache (C:\Users\asus\.gradle\caches\9.3.1\javaCompile)" [_thread_blocked, id=5360, stack(0x0000003a4ce00000,0x0000003a4cf00000)]
  0x0000017208bf3190 JavaThread "RMI Scheduler(0)" daemon [_thread_blocked, id=2296, stack(0x0000003a4bf00000,0x0000003a4c000000)]
  0x0000017208bf0e20 JavaThread "RMI RenewClean-[127.0.0.1:17379,org.jetbrains.kotlin.daemon.common.LoopbackNetworkInterface$ClientLoopbackSocketFactory@70b814a5]" daemon [_thread_blocked, id=25200, stack(0x0000003a4de00000,0x0000003a4df00000)]
  0x0000017208bf3bb0 JavaThread "RMI GC Daemon" daemon [_thread_blocked, id=14116, stack(0x0000003a4df00000,0x0000003a4e000000)]
  0x0000017208bf45d0 JavaThread "RMI TCP Accept-0" daemon [_thread_in_native, id=24712, stack(0x0000003a4e000000,0x0000003a4e100000)]
  0x0000017208bf1840 JavaThread "RMI Reaper" [_thread_blocked, id=25640, stack(0x0000003a4e100000,0x0000003a4e200000)]
  0x0000017208bf4ae0 JavaThread "RMI TCP Connection(idle)" daemon [_thread_blocked, id=26896, stack(0x0000003a4e200000,0x0000003a4e300000)]
  0x0000017208bf5500 JavaThread "Build operations" [_thread_blocked, id=19720, stack(0x0000003a4d800000,0x0000003a4d900000)]
  0x0000017208bf36a0 JavaThread "Build operations Thread 2" [_thread_blocked, id=14108, stack(0x0000003a4e300000,0x0000003a4e400000)]
  0x0000017208bf40c0 JavaThread "Build operations Thread 3" [_thread_blocked, id=14952, stack(0x0000003a4e400000,0x0000003a4e500000)]
  0x0000017208bf6430 JavaThread "Build operations Thread 4" [_thread_blocked, id=23756, stack(0x0000003a4e500000,0x0000003a4e600000)]
  0x0000017208bf6940 JavaThread "Build operations Thread 5" [_thread_blocked, id=10392, stack(0x0000003a4e600000,0x0000003a4e700000)]
  0x0000017208bf7360 JavaThread "Build operations Thread 6" [_thread_blocked, id=3048, stack(0x0000003a4e700000,0x0000003a4e800000)]
  0x0000017208bf5a10 JavaThread "Build operations Thread 7" [_thread_blocked, id=20096, stack(0x0000003a4e800000,0x0000003a4e900000)]
  0x0000017208bf6e50 JavaThread "Build operations Thread 8" [_thread_blocked, id=22136, stack(0x0000003a4e900000,0x0000003a4ea00000)]
  0x0000017208bf7870 JavaThread "Build operations Thread 9" [_thread_blocked, id=22920, stack(0x0000003a4ea00000,0x0000003a4eb00000)]
  0x00000172037f1c60 JavaThread "Build operations Thread 10" [_thread_blocked, id=12456, stack(0x0000003a4eb00000,0x0000003a4ec00000)]
  0x000001725d2ab740 JavaThread "Build operations Thread 11" [_thread_blocked, id=27496, stack(0x0000003a4ec00000,0x0000003a4ed00000)]
  0x000001720ba4efc0 JavaThread "Build operations Thread 12" [_thread_blocked, id=25424, stack(0x0000003a4ed00000,0x0000003a4ee00000)]
  0x000001720ba4f9e0 JavaThread "Build operations Thread 13" [_thread_blocked, id=26532, stack(0x0000003a4ee00000,0x0000003a4ef00000)]
  0x000001720ba4fef0 JavaThread "Build operations Thread 14" [_thread_blocked, id=25204, stack(0x0000003a4ef00000,0x0000003a4f000000)]
  0x000001720ba4eab0 JavaThread "Build operations Thread 15" [_thread_blocked, id=20268, stack(0x0000003a4f000000,0x0000003a4f100000)]
  0x000001720c637dc0 JavaThread "WorkerExecutor Queue Thread 19" [_thread_blocked, id=28944, stack(0x0000003a4a800000,0x0000003a4a900000)]
  0x000001720c5fc390 JavaThread "stderr" [_thread_in_native, id=28968, stack(0x0000003a4b200000,0x0000003a4b300000)]
  0x000001720c5faf50 JavaThread "stdout" [_thread_in_native, id=28972, stack(0x0000003a4f500000,0x0000003a4f600000)]
  0x000001720c6382d0 JavaThread "stderr" [_thread_in_native, id=28984, stack(0x0000003a4f600000,0x0000003a4f700000)]
  0x000001720c6387e0 JavaThread "stdout" [_thread_in_native, id=28988, stack(0x0000003a4f700000,0x0000003a4f800000)]
  0x00000172012c9940 JavaThread "stderr" [_thread_in_native, id=29000, stack(0x0000003a4f800000,0x0000003a4f900000)]
  0x00000172012c9430 JavaThread "stdout" [_thread_in_native, id=29004, stack(0x0000003a4f900000,0x0000003a4fa00000)]
  0x000001720a1f9980 JavaThread "stderr" [_thread_in_native, id=29016, stack(0x0000003a4fa00000,0x0000003a4fb00000)]
  0x000001720a1f9e90 JavaThread "stdout" [_thread_in_native, id=29020, stack(0x0000003a4fb00000,0x0000003a4fc00000)]
  0x000001720c5f2fb0 JavaThread "stderr" [_thread_in_native, id=29056, stack(0x0000003a4fc00000,0x0000003a4fd00000)]
  0x000001720c5f34c0 JavaThread "stdout" [_thread_in_native, id=29060, stack(0x0000003a4fd00000,0x0000003a4fe00000)]
  0x000001720b5eec50 JavaThread "stderr" [_thread_in_native, id=29184, stack(0x0000003a4fe00000,0x0000003a4ff00000)]
  0x000001720b5ef160 JavaThread "stdout" [_thread_in_native, id=29188, stack(0x0000003a4ff00000,0x0000003a50000000)]
  0x000001720c5fc8a0 JavaThread "Java2D Disposer" daemon [_thread_blocked, id=29496, stack(0x0000003a39a00000,0x0000003a39b00000)]
  0x000001720c5fb970 JavaThread "AWT-Windows" daemon [_thread_in_native, id=29504, stack(0x0000003a4ca00000,0x0000003a4cb00000)]
  0x000001720aef6810 JavaThread "DefaultDispatcher-worker-1" daemon [_thread_blocked, id=29680, stack(0x0000003a50100000,0x0000003a50200000)]
  0x000001720aef3060 JavaThread "DefaultDispatcher-worker-2" daemon [_thread_blocked, id=29684, stack(0x0000003a50200000,0x0000003a50300000)]
  0x000001720b4fd9c0 JavaThread "DefaultDispatcher-worker-3" daemon [_thread_blocked, id=29688, stack(0x0000003a50300000,0x0000003a50400000)]
  0x000001720aef4ec0 JavaThread "WorkerExecutor Queue Thread 20" [_thread_blocked, id=18760, stack(0x0000003a39b00000,0x0000003a39c00000)]
  0x00000172003105f0 JavaThread "WorkerExecutor Queue Thread 21" [_thread_blocked, id=29112, stack(0x0000003a50400000,0x0000003a50500000)]
  0x000001720aef5df0 JavaThread "stderr" [_thread_in_native, id=28544, stack(0x0000003a50500000,0x0000003a50600000)]
  0x000001720aef3a80 JavaThread "stdout" [_thread_in_native, id=15464, stack(0x0000003a50600000,0x0000003a50700000)]
  0x00000172012c8500 JavaThread "stderr" [_thread_in_native, id=29356, stack(0x0000003a50700000,0x0000003a50800000)]
  0x00000172012c7ff0 JavaThread "stdout" [_thread_in_native, id=29328, stack(0x0000003a50800000,0x0000003a50900000)]
  0x0000017203d91060 JavaThread "C2 CompilerThread1" daemon [_thread_blocked, id=29524, stack(0x0000003a3af00000,0x0000003a3b000000)]
  0x0000017203d915b0 JavaThread "C2 CompilerThread2" daemon [_thread_blocked, id=29488, stack(0x0000003a44300000,0x0000003a44400000)]
  0x000001720b8e7030 JavaThread "C2 CompilerThread3" daemon [_thread_blocked, id=29464, stack(0x0000003a44400000,0x0000003a44500000)]
  0x000001720a0faa20 JavaThread "C1 CompilerThread1" daemon [_thread_blocked, id=8212, stack(0x0000003a44500000,0x0000003a44600000)]

Other Threads:
  0x000001725c560620 VMThread "VM Thread" [stack: 0x0000003a3a300000,0x0000003a3a400000] [id=2348]
  0x000001723e4011b0 WatcherThread [stack: 0x0000003a3b300000,0x0000003a3b400000] [id=28156]
  0x000001723e3d5ad0 GCTaskThread "GC Thread#0" [stack: 0x0000003a39e00000,0x0000003a39f00000] [id=24888]
  0x000001725d8504f0 GCTaskThread "GC Thread#1" [stack: 0x0000003a3b500000,0x0000003a3b600000] [id=1712]
  0x000001725d668f40 GCTaskThread "GC Thread#2" [stack: 0x0000003a3b600000,0x0000003a3b700000] [id=24732]
  0x000001727d9759d0 GCTaskThread "GC Thread#3" [stack: 0x0000003a3b700000,0x0000003a3b800000] [id=18156]
  0x000001727d975c90 GCTaskThread "GC Thread#4" [stack: 0x0000003a3b800000,0x0000003a3b900000] [id=23576]
  0x000001727e0199e0 GCTaskThread "GC Thread#5" [stack: 0x0000003a3b400000,0x0000003a3b500000] [id=8936]
  0x000001725de3fb70 GCTaskThread "GC Thread#6" [stack: 0x0000003a3ba00000,0x0000003a3bb00000] [id=7716]
  0x000001725d9d6c50 GCTaskThread "GC Thread#7" [stack: 0x0000003a3bb00000,0x0000003a3bc00000] [id=28380]
  0x000001727e87e490 GCTaskThread "GC Thread#8" [stack: 0x0000003a3c800000,0x0000003a3c900000] [id=18780]
  0x000001727dab8840 GCTaskThread "GC Thread#9" [stack: 0x0000003a3c900000,0x0000003a3ca00000] [id=23212]
  0x000001727e7a42a0 GCTaskThread "GC Thread#10" [stack: 0x0000003a3ca00000,0x0000003a3cb00000] [id=22204]
  0x000001727ec1f5d0 GCTaskThread "GC Thread#11" [stack: 0x0000003a3cb00000,0x0000003a3cc00000] [id=4428]
  0x0000017201f945d0 GCTaskThread "GC Thread#12" [stack: 0x0000003a3cc00000,0x0000003a3cd00000] [id=25832]
  0x000001723e3e8950 ConcurrentGCThread "G1 Main Marker" [stack: 0x0000003a39f00000,0x0000003a3a000000] [id=24828]
  0x000001723e3eadf0 ConcurrentGCThread "G1 Conc#0" [stack: 0x0000003a3a000000,0x0000003a3a100000] [id=22968]
  0x0000017201f94e10 ConcurrentGCThread "G1 Conc#1" [stack: 0x0000003a3cd00000,0x0000003a3ce00000] [id=12020]
  0x0000017201f94050 ConcurrentGCThread "G1 Conc#2" [stack: 0x0000003a3ce00000,0x0000003a3cf00000] [id=23776]
  0x000001723e4336b0 ConcurrentGCThread "G1 Refine#0" [stack: 0x0000003a3a100000,0x0000003a3a200000] [id=2696]
  0x0000017208755090 ConcurrentGCThread "G1 Refine#1" [stack: 0x0000003a4f100000,0x0000003a4f200000] [id=13660]
  0x0000017209add350 ConcurrentGCThread "G1 Refine#2" [stack: 0x0000003a4f200000,0x0000003a4f300000] [id=14876]
  0x0000017209addc20 ConcurrentGCThread "G1 Refine#3" [stack: 0x0000003a4f300000,0x0000003a4f400000] [id=27940]
  0x0000017200d93230 ConcurrentGCThread "G1 Refine#4" [stack: 0x0000003a4f400000,0x0000003a4f500000] [id=15472]
  0x000001723e433e90 ConcurrentGCThread "G1 Service" [stack: 0x0000003a3a200000,0x0000003a3a300000] [id=23956]

Threads with active compile tasks:
C2 CompilerThread0    90124 33866       4       java.lang.invoke.InnerClassLambdaMetafactory::<init> (258 bytes)

VM state: not at safepoint (normal execution)

VM Mutex/Monitor currently owned by a thread: None

Heap address: 0x0000000080000000, size: 2048 MB, Compressed Oops mode: 32-bit

CDS archive(s) mapped at: [0x000001725e000000-0x000001725ebd0000-0x000001725ebd0000), size 12386304, SharedBaseAddress: 0x000001725e000000, ArchiveRelocationMode: 1.
Compressed class space mapped at: 0x000001725f000000-0x0000017279000000, reserved size: 436207616
Narrow klass base: 0x000001725e000000, Narrow klass shift: 0, Narrow klass range: 0x100000000

GC Precious Log:
 CPUs: 16 total, 16 available
 Memory: 7583M
 Large Page Support: Disabled
 NUMA Support: Disabled
 Compressed Oops: Enabled (32-bit)
 Heap Region Size: 1M
 Heap Min Capacity: 8M
 Heap Initial Capacity: 120M
 Heap Max Capacity: 2G
 Pre-touch: Disabled
 Parallel Workers: 13
 Concurrent Workers: 3
 Concurrent Refinement Workers: 13
 Periodic GC: Disabled

Heap:
 garbage-first heap   total 526336K, used 410673K [0x0000000080000000, 0x0000000100000000)
  region size 1024K, 10 young (10240K), 8 survivors (8192K)
 Metaspace       used 233920K, committed 236288K, reserved 688128K
  class space    used 30903K, committed 32064K, reserved 425984K

Heap Regions: E=young(eden), S=young(survivor), O=old, HS=humongous(starts), HC=humongous(continues), CS=collection set, F=free, OA=open archive, CA=closed archive, TAMS=top-at-mark-start (previous, next)
|   0|0x0000000080000000, 0x0000000080100000, 0x0000000080100000|100%|HS|  |TAMS 0x0000000080100000, 0x0000000080000000| Complete 
|   1|0x0000000080100000, 0x0000000080200000, 0x0000000080200000|100%|HC|  |TAMS 0x0000000080200000, 0x0000000080100000| Complete 
|   2|0x0000000080200000, 0x0000000080300000, 0x0000000080300000|100%|HC|  |TAMS 0x0000000080300000, 0x0000000080200000| Complete 
|   3|0x0000000080300000, 0x0000000080400000, 0x0000000080400000|100%|HC|  |TAMS 0x0000000080400000, 0x0000000080300000| Complete 
|   4|0x0000000080400000, 0x0000000080500000, 0x0000000080500000|100%| O|  |TAMS 0x0000000080500000, 0x0000000080400000| Untracked 
|   5|0x0000000080500000, 0x0000000080600000, 0x0000000080600000|100%| O|  |TAMS 0x0000000080600000, 0x0000000080500000| Untracked 
|   6|0x0000000080600000, 0x0000000080700000, 0x0000000080700000|100%| O|  |TAMS 0x0000000080700000, 0x0000000080600000| Untracked 
|   7|0x0000000080700000, 0x0000000080800000, 0x0000000080800000|100%|HS|  |TAMS 0x0000000080800000, 0x0000000080700000| Complete 
|   8|0x0000000080800000, 0x0000000080900000, 0x0000000080900000|100%| O|  |TAMS 0x0000000080900000, 0x0000000080800000| Untracked 
|   9|0x0000000080900000, 0x0000000080a00000, 0x0000000080a00000|100%| O|  |TAMS 0x0000000080a00000, 0x0000000080900000| Untracked 
|  10|0x0000000080a00000, 0x0000000080b00000, 0x0000000080b00000|100%| O|  |TAMS 0x0000000080b00000, 0x0000000080a00000| Untracked 
|  11|0x0000000080b00000, 0x0000000080c00000, 0x0000000080c00000|100%| O|  |TAMS 0x0000000080c00000, 0x0000000080b00000| Untracked 
|  12|0x0000000080c00000, 0x0000000080d00000, 0x0000000080d00000|100%| O|  |TAMS 0x0000000080d00000, 0x0000000080c00000| Untracked 
|  13|0x0000000080d00000, 0x0000000080e00000, 0x0000000080e00000|100%| O|  |TAMS 0x0000000080e00000, 0x0000000080d00000| Untracked 
|  14|0x0000000080e00000, 0x0000000080f00000, 0x0000000080f00000|100%| O|  |TAMS 0x0000000080f00000, 0x0000000080e00000| Untracked 
|  15|0x0000000080f00000, 0x0000000081000000, 0x0000000081000000|100%| O|  |TAMS 0x0000000081000000, 0x0000000080f00000| Untracked 
|  16|0x0000000081000000, 0x0000000081100000, 0x0000000081100000|100%| O|  |TAMS 0x0000000081100000, 0x0000000081000000| Untracked 
|  17|0x0000000081100000, 0x0000000081200000, 0x0000000081200000|100%| O|  |TAMS 0x0000000081200000, 0x0000000081100000| Untracked 
|  18|0x0000000081200000, 0x0000000081300000, 0x0000000081300000|100%| O|  |TAMS 0x0000000081300000, 0x0000000081200000| Untracked 
|  19|0x0000000081300000, 0x0000000081400000, 0x0000000081400000|100%| O|  |TAMS 0x0000000081400000, 0x0000000081300000| Untracked 
|  20|0x0000000081400000, 0x0000000081500000, 0x0000000081500000|100%| O|  |TAMS 0x0000000081500000, 0x0000000081400000| Untracked 
|  21|0x0000000081500000, 0x0000000081600000, 0x0000000081600000|100%| O|  |TAMS 0x0000000081600000, 0x0000000081500000| Untracked 
|  22|0x0000000081600000, 0x0000000081700000, 0x0000000081700000|100%| O|  |TAMS 0x0000000081700000, 0x0000000081600000| Untracked 
|  23|0x0000000081700000, 0x0000000081800000, 0x0000000081800000|100%| O|  |TAMS 0x0000000081800000, 0x0000000081700000| Untracked 
|  24|0x0000000081800000, 0x0000000081900000, 0x0000000081900000|100%| O|  |TAMS 0x0000000081900000, 0x0000000081800000| Untracked 
|  25|0x0000000081900000, 0x0000000081a00000, 0x0000000081a00000|100%| O|  |TAMS 0x0000000081a00000, 0x0000000081900000| Untracked 
|  26|0x0000000081a00000, 0x0000000081b00000, 0x0000000081b00000|100%| O|  |TAMS 0x0000000081b00000, 0x0000000081a00000| Untracked 
|  27|0x0000000081b00000, 0x0000000081c00000, 0x0000000081c00000|100%| O|  |TAMS 0x0000000081c00000, 0x0000000081b00000| Untracked 
|  28|0x0000000081c00000, 0x0000000081d00000, 0x0000000081d00000|100%| O|  |TAMS 0x0000000081d00000, 0x0000000081c00000| Untracked 
|  29|0x0000000081d00000, 0x0000000081e00000, 0x0000000081e00000|100%| O|  |TAMS 0x0000000081e00000, 0x0000000081d00000| Untracked 
|  30|0x0000000081e00000, 0x0000000081f00000, 0x0000000081f00000|100%| O|  |TAMS 0x0000000081f00000, 0x0000000081e00000| Untracked 
|  31|0x0000000081f00000, 0x0000000082000000, 0x0000000082000000|100%| O|  |TAMS 0x0000000082000000, 0x0000000081f00000| Untracked 
|  32|0x0000000082000000, 0x0000000082100000, 0x0000000082100000|100%| O|  |TAMS 0x0000000082100000, 0x0000000082000000| Untracked 
|  33|0x0000000082100000, 0x0000000082200000, 0x0000000082200000|100%| O|  |TAMS 0x0000000082200000, 0x0000000082100000| Untracked 
|  34|0x0000000082200000, 0x0000000082300000, 0x0000000082300000|100%|HS|  |TAMS 0x0000000082300000, 0x0000000082200000| Complete 
|  35|0x0000000082300000, 0x0000000082400000, 0x0000000082400000|100%|HC|  |TAMS 0x0000000082400000, 0x0000000082300000| Complete 
|  36|0x0000000082400000, 0x0000000082500000, 0x0000000082500000|100%|HC|  |TAMS 0x0000000082500000, 0x0000000082400000| Complete 
|  37|0x0000000082500000, 0x0000000082600000, 0x0000000082600000|100%|HS|  |TAMS 0x0000000082600000, 0x0000000082500000| Complete 
|  38|0x0000000082600000, 0x0000000082700000, 0x0000000082700000|100%|HC|  |TAMS 0x0000000082700000, 0x0000000082600000| Complete 
|  39|0x0000000082700000, 0x0000000082800000, 0x0000000082800000|100%|HC|  |TAMS 0x0000000082800000, 0x0000000082700000| Complete 
|  40|0x0000000082800000, 0x0000000082900000, 0x0000000082900000|100%| O|  |TAMS 0x0000000082900000, 0x0000000082800000| Untracked 
|  41|0x0000000082900000, 0x0000000082a00000, 0x0000000082a00000|100%| O|  |TAMS 0x0000000082a00000, 0x0000000082900000| Untracked 
|  42|0x0000000082a00000, 0x0000000082b00000, 0x0000000082b00000|100%| O|  |TAMS 0x0000000082b00000, 0x0000000082a00000| Untracked 
|  43|0x0000000082b00000, 0x0000000082c00000, 0x0000000082c00000|100%| O|  |TAMS 0x0000000082c00000, 0x0000000082b00000| Untracked 
|  44|0x0000000082c00000, 0x0000000082d00000, 0x0000000082d00000|100%| O|  |TAMS 0x0000000082d00000, 0x0000000082c00000| Untracked 
|  45|0x0000000082d00000, 0x0000000082e00000, 0x0000000082e00000|100%| O|  |TAMS 0x0000000082e00000, 0x0000000082d00000| Untracked 
|  46|0x0000000082e00000, 0x0000000082f00000, 0x0000000082f00000|100%| O|  |TAMS 0x0000000082f00000, 0x0000000082e00000| Untracked 
|  47|0x0000000082f00000, 0x0000000083000000, 0x0000000083000000|100%| O|  |TAMS 0x0000000083000000, 0x0000000082f00000| Untracked 
|  48|0x0000000083000000, 0x0000000083100000, 0x0000000083100000|100%| O|  |TAMS 0x0000000083100000, 0x0000000083000000| Untracked 
|  49|0x0000000083100000, 0x0000000083200000, 0x0000000083200000|100%| O|  |TAMS 0x0000000083200000, 0x0000000083100000| Untracked 
|  50|0x0000000083200000, 0x0000000083300000, 0x0000000083300000|100%| O|  |TAMS 0x0000000083300000, 0x0000000083200000| Untracked 
|  51|0x0000000083300000, 0x0000000083400000, 0x0000000083400000|100%| O|  |TAMS 0x0000000083400000, 0x0000000083300000| Untracked 
|  52|0x0000000083400000, 0x0000000083500000, 0x0000000083500000|100%| O|  |TAMS 0x0000000083500000, 0x0000000083400000| Untracked 
|  53|0x0000000083500000, 0x0000000083600000, 0x0000000083600000|100%| O|  |TAMS 0x0000000083600000, 0x0000000083500000| Untracked 
|  54|0x0000000083600000, 0x0000000083700000, 0x0000000083700000|100%| O|  |TAMS 0x0000000083700000, 0x0000000083600000| Untracked 
|  55|0x0000000083700000, 0x0000000083800000, 0x0000000083800000|100%| O|  |TAMS 0x0000000083800000, 0x0000000083700000| Untracked 
|  56|0x0000000083800000, 0x0000000083900000, 0x0000000083900000|100%| O|  |TAMS 0x0000000083900000, 0x0000000083800000| Untracked 
|  57|0x0000000083900000, 0x0000000083a00000, 0x0000000083a00000|100%| O|  |TAMS 0x0000000083a00000, 0x0000000083900000| Untracked 
|  58|0x0000000083a00000, 0x0000000083b00000, 0x0000000083b00000|100%| O|  |TAMS 0x0000000083b00000, 0x0000000083a00000| Untracked 
|  59|0x0000000083b00000, 0x0000000083c00000, 0x0000000083c00000|100%| O|  |TAMS 0x0000000083c00000, 0x0000000083b00000| Untracked 
|  60|0x0000000083c00000, 0x0000000083d00000, 0x0000000083d00000|100%| O|  |TAMS 0x0000000083d00000, 0x0000000083c00000| Untracked 
|  61|0x0000000083d00000, 0x0000000083e00000, 0x0000000083e00000|100%| O|  |TAMS 0x0000000083e00000, 0x0000000083d00000| Untracked 
|  62|0x0000000083e00000, 0x0000000083f00000, 0x0000000083f00000|100%| O|  |TAMS 0x0000000083f00000, 0x0000000083e00000| Untracked 
|  63|0x0000000083f00000, 0x0000000084000000, 0x0000000084000000|100%| O|  |TAMS 0x0000000084000000, 0x0000000083f00000| Untracked 
|  64|0x0000000084000000, 0x0000000084100000, 0x0000000084100000|100%| O|  |TAMS 0x0000000084100000, 0x0000000084000000| Untracked 
|  65|0x0000000084100000, 0x0000000084200000, 0x0000000084200000|100%| O|  |TAMS 0x0000000084200000, 0x0000000084100000| Untracked 
|  66|0x0000000084200000, 0x0000000084300000, 0x0000000084300000|100%| O|  |TAMS 0x0000000084300000, 0x0000000084200000| Untracked 
|  67|0x0000000084300000, 0x0000000084400000, 0x0000000084400000|100%| O|  |TAMS 0x0000000084400000, 0x0000000084300000| Untracked 
|  68|0x0000000084400000, 0x0000000084500000, 0x0000000084500000|100%| O|  |TAMS 0x0000000084500000, 0x0000000084400000| Untracked 
|  69|0x0000000084500000, 0x0000000084600000, 0x0000000084600000|100%| O|  |TAMS 0x0000000084600000, 0x0000000084500000| Untracked 
|  70|0x0000000084600000, 0x0000000084700000, 0x0000000084700000|100%| O|  |TAMS 0x0000000084700000, 0x0000000084600000| Untracked 
|  71|0x0000000084700000, 0x0000000084800000, 0x0000000084800000|100%| O|  |TAMS 0x0000000084800000, 0x0000000084700000| Untracked 
|  72|0x0000000084800000, 0x0000000084900000, 0x0000000084900000|100%| O|  |TAMS 0x0000000084900000, 0x0000000084800000| Untracked 
|  73|0x0000000084900000, 0x0000000084a00000, 0x0000000084a00000|100%| O|  |TAMS 0x0000000084a00000, 0x0000000084900000| Untracked 
|  74|0x0000000084a00000, 0x0000000084b00000, 0x0000000084b00000|100%| O|  |TAMS 0x0000000084b00000, 0x0000000084a00000| Untracked 
|  75|0x0000000084b00000, 0x0000000084c00000, 0x0000000084c00000|100%| O|  |TAMS 0x0000000084c00000, 0x0000000084b00000| Untracked 
|  76|0x0000000084c00000, 0x0000000084d00000, 0x0000000084d00000|100%| O|  |TAMS 0x0000000084d00000, 0x0000000084c00000| Untracked 
|  77|0x0000000084d00000, 0x0000000084e00000, 0x0000000084e00000|100%| O|  |TAMS 0x0000000084e00000, 0x0000000084d00000| Untracked 
|  78|0x0000000084e00000, 0x0000000084f00000, 0x0000000084f00000|100%| O|  |TAMS 0x0000000084f00000, 0x0000000084e00000| Untracked 
|  79|0x0000000084f00000, 0x0000000085000000, 0x0000000085000000|100%| O|  |TAMS 0x0000000085000000, 0x0000000084f00000| Untracked 
|  80|0x0000000085000000, 0x0000000085100000, 0x0000000085100000|100%| O|  |TAMS 0x0000000085100000, 0x0000000085000000| Untracked 
|  81|0x0000000085100000, 0x0000000085200000, 0x0000000085200000|100%| O|  |TAMS 0x0000000085200000, 0x0000000085100000| Untracked 
|  82|0x0000000085200000, 0x0000000085300000, 0x0000000085300000|100%| O|  |TAMS 0x0000000085300000, 0x0000000085200000| Untracked 
|  83|0x0000000085300000, 0x0000000085400000, 0x0000000085400000|100%| O|  |TAMS 0x0000000085400000, 0x0000000085300000| Untracked 
|  84|0x0000000085400000, 0x0000000085500000, 0x0000000085500000|100%| O|  |TAMS 0x0000000085500000, 0x0000000085400000| Untracked 
|  85|0x0000000085500000, 0x0000000085600000, 0x0000000085600000|100%| O|  |TAMS 0x0000000085600000, 0x0000000085500000| Untracked 
|  86|0x0000000085600000, 0x0000000085700000, 0x0000000085700000|100%| O|  |TAMS 0x0000000085700000, 0x0000000085600000| Untracked 
|  87|0x0000000085700000, 0x0000000085800000, 0x0000000085800000|100%| O|  |TAMS 0x0000000085800000, 0x0000000085700000| Untracked 
|  88|0x0000000085800000, 0x0000000085900000, 0x0000000085900000|100%| O|  |TAMS 0x0000000085900000, 0x0000000085800000| Untracked 
|  89|0x0000000085900000, 0x0000000085a00000, 0x0000000085a00000|100%| O|  |TAMS 0x0000000085a00000, 0x0000000085900000| Untracked 
|  90|0x0000000085a00000, 0x0000000085b00000, 0x0000000085b00000|100%| O|  |TAMS 0x0000000085b00000, 0x0000000085a00000| Untracked 
|  91|0x0000000085b00000, 0x0000000085c00000, 0x0000000085c00000|100%| O|  |TAMS 0x0000000085c00000, 0x0000000085b00000| Untracked 
|  92|0x0000000085c00000, 0x0000000085d00000, 0x0000000085d00000|100%| O|  |TAMS 0x0000000085d00000, 0x0000000085c00000| Untracked 
|  93|0x0000000085d00000, 0x0000000085e00000, 0x0000000085e00000|100%| O|  |TAMS 0x0000000085e00000, 0x0000000085d00000| Untracked 
|  94|0x0000000085e00000, 0x0000000085f00000, 0x0000000085f00000|100%| O|  |TAMS 0x0000000085f00000, 0x0000000085e00000| Untracked 
|  95|0x0000000085f00000, 0x0000000086000000, 0x0000000086000000|100%|HS|  |TAMS 0x0000000086000000, 0x0000000085f00000| Complete 
|  96|0x0000000086000000, 0x0000000086100000, 0x0000000086100000|100%|HS|  |TAMS 0x0000000086100000, 0x0000000086000000| Complete 
|  97|0x0000000086100000, 0x0000000086200000, 0x0000000086200000|100%|HS|  |TAMS 0x0000000086200000, 0x0000000086100000| Complete 
|  98|0x0000000086200000, 0x0000000086300000, 0x0000000086300000|100%|HS|  |TAMS 0x0000000086300000, 0x0000000086200000| Complete 
|  99|0x0000000086300000, 0x0000000086400000, 0x0000000086400000|100%| O|  |TAMS 0x0000000086400000, 0x0000000086300000| Untracked 
| 100|0x0000000086400000, 0x0000000086500000, 0x0000000086500000|100%|HS|  |TAMS 0x0000000086500000, 0x0000000086400000| Complete 
| 101|0x0000000086500000, 0x0000000086600000, 0x0000000086600000|100%|HS|  |TAMS 0x0000000086600000, 0x0000000086500000| Complete 
| 102|0x0000000086600000, 0x0000000086700000, 0x0000000086700000|100%| O|  |TAMS 0x0000000086700000, 0x0000000086600000| Untracked 
| 103|0x0000000086700000, 0x0000000086800000, 0x0000000086800000|100%| O|  |TAMS 0x0000000086700000, 0x0000000086700000| Untracked 
| 104|0x0000000086800000, 0x0000000086900000, 0x0000000086900000|100%| O|  |TAMS 0x0000000086800000, 0x0000000086800000| Untracked 
| 105|0x0000000086900000, 0x0000000086a00000, 0x0000000086a00000|100%| O|  |TAMS 0x0000000086a00000, 0x0000000086900000| Untracked 
| 106|0x0000000086a00000, 0x0000000086b00000, 0x0000000086b00000|100%| O|  |TAMS 0x0000000086b00000, 0x0000000086a00000| Untracked 
| 107|0x0000000086b00000, 0x0000000086c00000, 0x0000000086c00000|100%| O|  |TAMS 0x0000000086c00000, 0x0000000086b00000| Untracked 
| 108|0x0000000086c00000, 0x0000000086d00000, 0x0000000086d00000|100%| O|  |TAMS 0x0000000086d00000, 0x0000000086c00000| Untracked 
| 109|0x0000000086d00000, 0x0000000086e00000, 0x0000000086e00000|100%| O|  |TAMS 0x0000000086e00000, 0x0000000086d00000| Untracked 
| 110|0x0000000086e00000, 0x0000000086f00000, 0x0000000086f00000|100%| O|  |TAMS 0x0000000086f00000, 0x0000000086e00000| Untracked 
| 111|0x0000000086f00000, 0x0000000087000000, 0x0000000087000000|100%| O|  |TAMS 0x0000000087000000, 0x0000000086f00000| Untracked 
| 112|0x0000000087000000, 0x0000000087100000, 0x0000000087100000|100%| O|  |TAMS 0x0000000087100000, 0x0000000087000000| Untracked 
| 113|0x0000000087100000, 0x0000000087200000, 0x0000000087200000|100%| O|  |TAMS 0x0000000087200000, 0x0000000087100000| Untracked 
| 114|0x0000000087200000, 0x0000000087300000, 0x0000000087300000|100%| O|  |TAMS 0x0000000087300000, 0x0000000087200000| Untracked 
| 115|0x0000000087300000, 0x0000000087400000, 0x0000000087400000|100%| O|  |TAMS 0x0000000087400000, 0x0000000087300000| Untracked 
| 116|0x0000000087400000, 0x0000000087500000, 0x0000000087500000|100%| O|  |TAMS 0x0000000087500000, 0x0000000087400000| Untracked 
| 117|0x0000000087500000, 0x0000000087600000, 0x0000000087600000|100%|HS|  |TAMS 0x0000000087600000, 0x0000000087500000| Complete 
| 118|0x0000000087600000, 0x0000000087700000, 0x0000000087700000|100%| O|  |TAMS 0x0000000087700000, 0x0000000087600000| Untracked 
| 119|0x0000000087700000, 0x0000000087800000, 0x0000000087800000|100%| O|  |TAMS 0x0000000087800000, 0x0000000087700000| Untracked 
| 120|0x0000000087800000, 0x0000000087900000, 0x0000000087900000|100%| O|  |TAMS 0x0000000087900000, 0x0000000087800000| Untracked 
| 121|0x0000000087900000, 0x0000000087a00000, 0x0000000087a00000|100%| O|  |TAMS 0x0000000087a00000, 0x0000000087900000| Untracked 
| 122|0x0000000087a00000, 0x0000000087b00000, 0x0000000087b00000|100%|HS|  |TAMS 0x0000000087b00000, 0x0000000087a00000| Complete 
| 123|0x0000000087b00000, 0x0000000087c00000, 0x0000000087c00000|100%|HC|  |TAMS 0x0000000087c00000, 0x0000000087b00000| Complete 
| 124|0x0000000087c00000, 0x0000000087d00000, 0x0000000087d00000|100%|HC|  |TAMS 0x0000000087d00000, 0x0000000087c00000| Complete 
| 125|0x0000000087d00000, 0x0000000087e00000, 0x0000000087e00000|100%| O|  |TAMS 0x0000000087e00000, 0x0000000087d00000| Untracked 
| 126|0x0000000087e00000, 0x0000000087f00000, 0x0000000087f00000|100%| O|  |TAMS 0x0000000087f00000, 0x0000000087e00000| Untracked 
| 127|0x0000000087f00000, 0x0000000088000000, 0x0000000088000000|100%| O|  |TAMS 0x0000000088000000, 0x0000000087f00000| Untracked 
| 128|0x0000000088000000, 0x0000000088100000, 0x0000000088100000|100%| O|  |TAMS 0x0000000088100000, 0x0000000088000000| Untracked 
| 129|0x0000000088100000, 0x0000000088200000, 0x0000000088200000|100%| O|  |TAMS 0x0000000088200000, 0x0000000088100000| Untracked 
| 130|0x0000000088200000, 0x0000000088300000, 0x0000000088300000|100%| O|  |TAMS 0x0000000088300000, 0x0000000088200000| Untracked 
| 131|0x0000000088300000, 0x0000000088400000, 0x0000000088400000|100%| O|  |TAMS 0x0000000088400000, 0x0000000088300000| Untracked 
| 132|0x0000000088400000, 0x0000000088500000, 0x0000000088500000|100%| O|  |TAMS 0x0000000088500000, 0x0000000088400000| Untracked 
| 133|0x0000000088500000, 0x0000000088600000, 0x0000000088600000|100%| O|  |TAMS 0x0000000088600000, 0x0000000088500000| Untracked 
| 134|0x0000000088600000, 0x0000000088700000, 0x0000000088700000|100%| O|  |TAMS 0x0000000088700000, 0x0000000088600000| Untracked 
| 135|0x0000000088700000, 0x0000000088800000, 0x0000000088800000|100%| O|  |TAMS 0x0000000088800000, 0x0000000088700000| Untracked 
| 136|0x0000000088800000, 0x0000000088900000, 0x0000000088900000|100%| O|  |TAMS 0x0000000088900000, 0x0000000088800000| Untracked 
| 137|0x0000000088900000, 0x0000000088a00000, 0x0000000088a00000|100%| O|  |TAMS 0x0000000088a00000, 0x0000000088900000| Untracked 
| 138|0x0000000088a00000, 0x0000000088b00000, 0x0000000088b00000|100%| O|  |TAMS 0x0000000088b00000, 0x0000000088a00000| Untracked 
| 139|0x0000000088b00000, 0x0000000088c00000, 0x0000000088c00000|100%| O|  |TAMS 0x0000000088c00000, 0x0000000088b00000| Untracked 
| 140|0x0000000088c00000, 0x0000000088d00000, 0x0000000088d00000|100%| O|  |TAMS 0x0000000088d00000, 0x0000000088c00000| Untracked 
| 141|0x0000000088d00000, 0x0000000088e00000, 0x0000000088e00000|100%| O|  |TAMS 0x0000000088e00000, 0x0000000088d00000| Untracked 
| 142|0x0000000088e00000, 0x0000000088f00000, 0x0000000088f00000|100%| O|  |TAMS 0x0000000088f00000, 0x0000000088e00000| Untracked 
| 143|0x0000000088f00000, 0x0000000089000000, 0x0000000089000000|100%| O|  |TAMS 0x0000000089000000, 0x0000000088f00000| Untracked 
| 144|0x0000000089000000, 0x0000000089100000, 0x0000000089100000|100%| O|  |TAMS 0x0000000089100000, 0x0000000089000000| Untracked 
| 145|0x0000000089100000, 0x0000000089200000, 0x0000000089200000|100%| O|  |TAMS 0x0000000089200000, 0x0000000089100000| Untracked 
| 146|0x0000000089200000, 0x0000000089300000, 0x0000000089300000|100%| O|  |TAMS 0x0000000089300000, 0x0000000089200000| Untracked 
| 147|0x0000000089300000, 0x0000000089400000, 0x0000000089400000|100%| O|  |TAMS 0x0000000089400000, 0x0000000089300000| Untracked 
| 148|0x0000000089400000, 0x0000000089500000, 0x0000000089500000|100%| O|  |TAMS 0x0000000089500000, 0x0000000089400000| Untracked 
| 149|0x0000000089500000, 0x0000000089600000, 0x0000000089600000|100%| O|  |TAMS 0x0000000089600000, 0x0000000089500000| Untracked 
| 150|0x0000000089600000, 0x0000000089700000, 0x0000000089700000|100%| O|  |TAMS 0x0000000089700000, 0x0000000089600000| Untracked 
| 151|0x0000000089700000, 0x0000000089800000, 0x0000000089800000|100%| O|  |TAMS 0x0000000089800000, 0x0000000089700000| Untracked 
| 152|0x0000000089800000, 0x0000000089900000, 0x0000000089900000|100%| O|  |TAMS 0x0000000089800000, 0x0000000089800000| Untracked 
| 153|0x0000000089900000, 0x0000000089a00000, 0x0000000089a00000|100%| O|  |TAMS 0x0000000089a00000, 0x0000000089900000| Untracked 
| 154|0x0000000089a00000, 0x0000000089b00000, 0x0000000089b00000|100%| O|  |TAMS 0x0000000089b00000, 0x0000000089a00000| Untracked 
| 155|0x0000000089b00000, 0x0000000089c00000, 0x0000000089c00000|100%| O|  |TAMS 0x0000000089c00000, 0x0000000089b00000| Untracked 
| 156|0x0000000089c00000, 0x0000000089d00000, 0x0000000089d00000|100%| O|  |TAMS 0x0000000089d00000, 0x0000000089c00000| Untracked 
| 157|0x0000000089d00000, 0x0000000089e00000, 0x0000000089e00000|100%| O|  |TAMS 0x0000000089e00000, 0x0000000089d00000| Untracked 
| 158|0x0000000089e00000, 0x0000000089f00000, 0x0000000089f00000|100%| O|  |TAMS 0x0000000089f00000, 0x0000000089e00000| Untracked 
| 159|0x0000000089f00000, 0x000000008a000000, 0x000000008a000000|100%| O|  |TAMS 0x000000008a000000, 0x0000000089f00000| Untracked 
| 160|0x000000008a000000, 0x000000008a100000, 0x000000008a100000|100%| O|  |TAMS 0x000000008a100000, 0x000000008a000000| Untracked 
| 161|0x000000008a100000, 0x000000008a200000, 0x000000008a200000|100%| O|  |TAMS 0x000000008a200000, 0x000000008a100000| Untracked 
| 162|0x000000008a200000, 0x000000008a300000, 0x000000008a300000|100%| O|  |TAMS 0x000000008a300000, 0x000000008a200000| Untracked 
| 163|0x000000008a300000, 0x000000008a400000, 0x000000008a400000|100%| O|  |TAMS 0x000000008a400000, 0x000000008a300000| Untracked 
| 164|0x000000008a400000, 0x000000008a500000, 0x000000008a500000|100%| O|  |TAMS 0x000000008a500000, 0x000000008a400000| Untracked 
| 165|0x000000008a500000, 0x000000008a600000, 0x000000008a600000|100%| O|  |TAMS 0x000000008a600000, 0x000000008a500000| Untracked 
| 166|0x000000008a600000, 0x000000008a700000, 0x000000008a700000|100%| O|  |TAMS 0x000000008a700000, 0x000000008a600000| Untracked 
| 167|0x000000008a700000, 0x000000008a800000, 0x000000008a800000|100%| O|  |TAMS 0x000000008a800000, 0x000000008a700000| Untracked 
| 168|0x000000008a800000, 0x000000008a900000, 0x000000008a900000|100%| O|  |TAMS 0x000000008a900000, 0x000000008a800000| Untracked 
| 169|0x000000008a900000, 0x000000008aa00000, 0x000000008aa00000|100%|HS|  |TAMS 0x000000008aa00000, 0x000000008a900000| Complete 
| 170|0x000000008aa00000, 0x000000008ab00000, 0x000000008ab00000|100%|HS|  |TAMS 0x000000008ab00000, 0x000000008aa00000| Complete 
| 171|0x000000008ab00000, 0x000000008ac00000, 0x000000008ac00000|100%| O|  |TAMS 0x000000008ac00000, 0x000000008ab00000| Untracked 
| 172|0x000000008ac00000, 0x000000008ad00000, 0x000000008ad00000|100%|HS|  |TAMS 0x000000008ad00000, 0x000000008ac00000| Complete 
| 173|0x000000008ad00000, 0x000000008ae00000, 0x000000008ae00000|100%|HC|  |TAMS 0x000000008ae00000, 0x000000008ad00000| Complete 
| 174|0x000000008ae00000, 0x000000008af00000, 0x000000008af00000|100%| O|  |TAMS 0x000000008af00000, 0x000000008ae00000| Untracked 
| 175|0x000000008af00000, 0x000000008b000000, 0x000000008b000000|100%| O|  |TAMS 0x000000008af00000, 0x000000008af00000| Untracked 
| 176|0x000000008b000000, 0x000000008b100000, 0x000000008b100000|100%| O|  |TAMS 0x000000008b100000, 0x000000008b000000| Untracked 
| 177|0x000000008b100000, 0x000000008b200000, 0x000000008b200000|100%| O|  |TAMS 0x000000008b100000, 0x000000008b100000| Untracked 
| 178|0x000000008b200000, 0x000000008b300000, 0x000000008b300000|100%| O|  |TAMS 0x000000008b300000, 0x000000008b200000| Untracked 
| 179|0x000000008b300000, 0x000000008b400000, 0x000000008b400000|100%| O|  |TAMS 0x000000008b400000, 0x000000008b300000| Untracked 
| 180|0x000000008b400000, 0x000000008b500000, 0x000000008b500000|100%| O|  |TAMS 0x000000008b400000, 0x000000008b400000| Untracked 
| 181|0x000000008b500000, 0x000000008b600000, 0x000000008b600000|100%| O|  |TAMS 0x000000008b600000, 0x000000008b500000| Untracked 
| 182|0x000000008b600000, 0x000000008b700000, 0x000000008b700000|100%| O|  |TAMS 0x000000008b700000, 0x000000008b600000| Untracked 
| 183|0x000000008b700000, 0x000000008b800000, 0x000000008b800000|100%| O|  |TAMS 0x000000008b800000, 0x000000008b700000| Untracked 
| 184|0x000000008b800000, 0x000000008b900000, 0x000000008b900000|100%| O|  |TAMS 0x000000008b800000, 0x000000008b800000| Untracked 
| 185|0x000000008b900000, 0x000000008ba00000, 0x000000008ba00000|100%| O|  |TAMS 0x000000008ba00000, 0x000000008b900000| Untracked 
| 186|0x000000008ba00000, 0x000000008bb00000, 0x000000008bb00000|100%| O|  |TAMS 0x000000008bb00000, 0x000000008ba00000| Untracked 
| 187|0x000000008bb00000, 0x000000008bc00000, 0x000000008bc00000|100%| O|  |TAMS 0x000000008bc00000, 0x000000008bb00000| Untracked 
| 188|0x000000008bc00000, 0x000000008bd00000, 0x000000008bd00000|100%| O|  |TAMS 0x000000008bd00000, 0x000000008bc00000| Untracked 
| 189|0x000000008bd00000, 0x000000008be00000, 0x000000008be00000|100%| O|  |TAMS 0x000000008be00000, 0x000000008bd00000| Untracked 
| 190|0x000000008be00000, 0x000000008bf00000, 0x000000008bf00000|100%| O|  |TAMS 0x000000008bf00000, 0x000000008be00000| Untracked 
| 191|0x000000008bf00000, 0x000000008c000000, 0x000000008c000000|100%| O|  |TAMS 0x000000008c000000, 0x000000008bf00000| Untracked 
| 192|0x000000008c000000, 0x000000008c100000, 0x000000008c100000|100%| O|  |TAMS 0x000000008c100000, 0x000000008c000000| Untracked 
| 193|0x000000008c100000, 0x000000008c200000, 0x000000008c200000|100%| O|  |TAMS 0x000000008c200000, 0x000000008c100000| Untracked 
| 194|0x000000008c200000, 0x000000008c300000, 0x000000008c300000|100%| O|  |TAMS 0x000000008c300000, 0x000000008c200000| Untracked 
| 195|0x000000008c300000, 0x000000008c400000, 0x000000008c400000|100%| O|  |TAMS 0x000000008c400000, 0x000000008c300000| Untracked 
| 196|0x000000008c400000, 0x000000008c500000, 0x000000008c500000|100%| O|  |TAMS 0x000000008c500000, 0x000000008c400000| Untracked 
| 197|0x000000008c500000, 0x000000008c600000, 0x000000008c600000|100%| O|  |TAMS 0x000000008c500000, 0x000000008c500000| Untracked 
| 198|0x000000008c600000, 0x000000008c700000, 0x000000008c700000|100%| O|  |TAMS 0x000000008c700000, 0x000000008c600000| Untracked 
| 199|0x000000008c700000, 0x000000008c800000, 0x000000008c800000|100%| O|  |TAMS 0x000000008c800000, 0x000000008c700000| Untracked 
| 200|0x000000008c800000, 0x000000008c900000, 0x000000008c900000|100%| O|  |TAMS 0x000000008c900000, 0x000000008c800000| Untracked 
| 201|0x000000008c900000, 0x000000008ca00000, 0x000000008ca00000|100%| O|  |TAMS 0x000000008ca00000, 0x000000008c900000| Untracked 
| 202|0x000000008ca00000, 0x000000008cb00000, 0x000000008cb00000|100%| O|  |TAMS 0x000000008cb00000, 0x000000008ca00000| Untracked 
| 203|0x000000008cb00000, 0x000000008cc00000, 0x000000008cc00000|100%| O|  |TAMS 0x000000008cc00000, 0x000000008cb00000| Untracked 
| 204|0x000000008cc00000, 0x000000008cd00000, 0x000000008cd00000|100%| O|  |TAMS 0x000000008cd00000, 0x000000008cc00000| Untracked 
| 205|0x000000008cd00000, 0x000000008ce00000, 0x000000008ce00000|100%| O|  |TAMS 0x000000008ce00000, 0x000000008cd00000| Untracked 
| 206|0x000000008ce00000, 0x000000008cf00000, 0x000000008cf00000|100%| O|  |TAMS 0x000000008cf00000, 0x000000008ce00000| Untracked 
| 207|0x000000008cf00000, 0x000000008d000000, 0x000000008d000000|100%| O|  |TAMS 0x000000008d000000, 0x000000008cf00000| Untracked 
| 208|0x000000008d000000, 0x000000008d100000, 0x000000008d100000|100%| O|  |TAMS 0x000000008d100000, 0x000000008d000000| Untracked 
| 209|0x000000008d100000, 0x000000008d200000, 0x000000008d200000|100%| O|  |TAMS 0x000000008d200000, 0x000000008d100000| Untracked 
| 210|0x000000008d200000, 0x000000008d300000, 0x000000008d300000|100%| O|  |TAMS 0x000000008d300000, 0x000000008d200000| Untracked 
| 211|0x000000008d300000, 0x000000008d400000, 0x000000008d400000|100%| O|  |TAMS 0x000000008d400000, 0x000000008d300000| Untracked 
| 212|0x000000008d400000, 0x000000008d500000, 0x000000008d500000|100%| O|  |TAMS 0x000000008d500000, 0x000000008d400000| Untracked 
| 213|0x000000008d500000, 0x000000008d600000, 0x000000008d600000|100%| O|  |TAMS 0x000000008d600000, 0x000000008d500000| Untracked 
| 214|0x000000008d600000, 0x000000008d700000, 0x000000008d700000|100%| O|  |TAMS 0x000000008d700000, 0x000000008d600000| Untracked 
| 215|0x000000008d700000, 0x000000008d800000, 0x000000008d800000|100%| O|  |TAMS 0x000000008d800000, 0x000000008d700000| Untracked 
| 216|0x000000008d800000, 0x000000008d900000, 0x000000008d900000|100%| O|  |TAMS 0x000000008d900000, 0x000000008d800000| Untracked 
| 217|0x000000008d900000, 0x000000008da00000, 0x000000008da00000|100%| O|  |TAMS 0x000000008da00000, 0x000000008d900000| Untracked 
| 218|0x000000008da00000, 0x000000008db00000, 0x000000008db00000|100%| O|  |TAMS 0x000000008db00000, 0x000000008da00000| Untracked 
| 219|0x000000008db00000, 0x000000008dc00000, 0x000000008dc00000|100%| O|  |TAMS 0x000000008dc00000, 0x000000008db00000| Untracked 
| 220|0x000000008dc00000, 0x000000008dd00000, 0x000000008dd00000|100%| O|  |TAMS 0x000000008dd00000, 0x000000008dc00000| Untracked 
| 221|0x000000008dd00000, 0x000000008de00000, 0x000000008de00000|100%| O|  |TAMS 0x000000008de00000, 0x000000008dd00000| Untracked 
| 222|0x000000008de00000, 0x000000008df00000, 0x000000008df00000|100%| O|  |TAMS 0x000000008df00000, 0x000000008de00000| Untracked 
| 223|0x000000008df00000, 0x000000008e000000, 0x000000008e000000|100%| O|  |TAMS 0x000000008e000000, 0x000000008df00000| Untracked 
| 224|0x000000008e000000, 0x000000008e100000, 0x000000008e100000|100%| O|  |TAMS 0x000000008e100000, 0x000000008e000000| Untracked 
| 225|0x000000008e100000, 0x000000008e200000, 0x000000008e200000|100%| O|  |TAMS 0x000000008e200000, 0x000000008e100000| Untracked 
| 226|0x000000008e200000, 0x000000008e300000, 0x000000008e300000|100%| O|  |TAMS 0x000000008e200000, 0x000000008e200000| Untracked 
| 227|0x000000008e300000, 0x000000008e400000, 0x000000008e400000|100%| O|  |TAMS 0x000000008e300000, 0x000000008e300000| Untracked 
| 228|0x000000008e400000, 0x000000008e500000, 0x000000008e500000|100%| O|  |TAMS 0x000000008e500000, 0x000000008e400000| Untracked 
| 229|0x000000008e500000, 0x000000008e600000, 0x000000008e600000|100%| O|  |TAMS 0x000000008e600000, 0x000000008e500000| Untracked 
| 230|0x000000008e600000, 0x000000008e700000, 0x000000008e700000|100%| O|  |TAMS 0x000000008e700000, 0x000000008e600000| Untracked 
| 231|0x000000008e700000, 0x000000008e800000, 0x000000008e800000|100%| O|  |TAMS 0x000000008e800000, 0x000000008e700000| Untracked 
| 232|0x000000008e800000, 0x000000008e900000, 0x000000008e900000|100%| O|  |TAMS 0x000000008e900000, 0x000000008e800000| Untracked 
| 233|0x000000008e900000, 0x000000008ea00000, 0x000000008ea00000|100%| O|  |TAMS 0x000000008ea00000, 0x000000008e900000| Untracked 
| 234|0x000000008ea00000, 0x000000008eb00000, 0x000000008eb00000|100%| O|  |TAMS 0x000000008eb00000, 0x000000008ea00000| Untracked 
| 235|0x000000008eb00000, 0x000000008ec00000, 0x000000008ec00000|100%| O|  |TAMS 0x000000008ec00000, 0x000000008eb00000| Untracked 
| 236|0x000000008ec00000, 0x000000008ed00000, 0x000000008ed00000|100%| O|  |TAMS 0x000000008ed00000, 0x000000008ec00000| Untracked 
| 237|0x000000008ed00000, 0x000000008ee00000, 0x000000008ee00000|100%| O|  |TAMS 0x000000008ee00000, 0x000000008ed00000| Untracked 
| 238|0x000000008ee00000, 0x000000008ef00000, 0x000000008ef00000|100%| O|  |TAMS 0x000000008ef00000, 0x000000008ee00000| Untracked 
| 239|0x000000008ef00000, 0x000000008f000000, 0x000000008f000000|100%| O|  |TAMS 0x000000008f000000, 0x000000008ef00000| Untracked 
| 240|0x000000008f000000, 0x000000008f100000, 0x000000008f100000|100%| O|  |TAMS 0x000000008f100000, 0x000000008f000000| Untracked 
| 241|0x000000008f100000, 0x000000008f200000, 0x000000008f200000|100%| O|  |TAMS 0x000000008f200000, 0x000000008f100000| Untracked 
| 242|0x000000008f200000, 0x000000008f300000, 0x000000008f300000|100%| O|  |TAMS 0x000000008f300000, 0x000000008f200000| Untracked 
| 243|0x000000008f300000, 0x000000008f400000, 0x000000008f400000|100%| O|  |TAMS 0x000000008f400000, 0x000000008f300000| Untracked 
| 244|0x000000008f400000, 0x000000008f500000, 0x000000008f500000|100%| O|  |TAMS 0x000000008f500000, 0x000000008f400000| Untracked 
| 245|0x000000008f500000, 0x000000008f600000, 0x000000008f600000|100%| O|  |TAMS 0x000000008f600000, 0x000000008f500000| Untracked 
| 246|0x000000008f600000, 0x000000008f700000, 0x000000008f700000|100%| O|  |TAMS 0x000000008f600000, 0x000000008f600000| Untracked 
| 247|0x000000008f700000, 0x000000008f800000, 0x000000008f800000|100%| O|  |TAMS 0x000000008f800000, 0x000000008f700000| Untracked 
| 248|0x000000008f800000, 0x000000008f900000, 0x000000008f900000|100%| O|  |TAMS 0x000000008f900000, 0x000000008f800000| Untracked 
| 249|0x000000008f900000, 0x000000008fa00000, 0x000000008fa00000|100%| O|  |TAMS 0x000000008fa00000, 0x000000008f900000| Untracked 
| 250|0x000000008fa00000, 0x000000008fb00000, 0x000000008fb00000|100%|HS|  |TAMS 0x000000008fb00000, 0x000000008fa00000| Complete 
| 251|0x000000008fb00000, 0x000000008fc00000, 0x000000008fc00000|100%|HC|  |TAMS 0x000000008fc00000, 0x000000008fb00000| Complete 
| 252|0x000000008fc00000, 0x000000008fd00000, 0x000000008fd00000|100%| O|  |TAMS 0x000000008fd00000, 0x000000008fc00000| Untracked 
| 253|0x000000008fd00000, 0x000000008fe00000, 0x000000008fe00000|100%| O|  |TAMS 0x000000008fe00000, 0x000000008fd00000| Untracked 
| 254|0x000000008fe00000, 0x000000008ff00000, 0x000000008ff00000|100%| O|  |TAMS 0x000000008ff00000, 0x000000008fe00000| Untracked 
| 255|0x000000008ff00000, 0x0000000090000000, 0x0000000090000000|100%| O|  |TAMS 0x0000000090000000, 0x000000008ff00000| Untracked 
| 256|0x0000000090000000, 0x0000000090100000, 0x0000000090100000|100%| O|  |TAMS 0x0000000090100000, 0x0000000090000000| Untracked 
| 257|0x0000000090100000, 0x0000000090200000, 0x0000000090200000|100%| O|  |TAMS 0x0000000090200000, 0x0000000090100000| Untracked 
| 258|0x0000000090200000, 0x0000000090300000, 0x0000000090300000|100%| O|  |TAMS 0x0000000090300000, 0x0000000090200000| Untracked 
| 259|0x0000000090300000, 0x0000000090400000, 0x0000000090400000|100%| O|  |TAMS 0x0000000090400000, 0x0000000090300000| Untracked 
| 260|0x0000000090400000, 0x0000000090500000, 0x0000000090500000|100%| O|  |TAMS 0x0000000090500000, 0x0000000090400000| Untracked 
| 261|0x0000000090500000, 0x0000000090600000, 0x0000000090600000|100%| O|  |TAMS 0x0000000090600000, 0x0000000090500000| Untracked 
| 262|0x0000000090600000, 0x0000000090700000, 0x0000000090700000|100%| O|  |TAMS 0x0000000090700000, 0x0000000090600000| Untracked 
| 263|0x0000000090700000, 0x0000000090800000, 0x0000000090800000|100%| O|  |TAMS 0x0000000090800000, 0x0000000090700000| Untracked 
| 264|0x0000000090800000, 0x0000000090900000, 0x0000000090900000|100%| O|  |TAMS 0x00000000908f3200, 0x0000000090800000| Untracked 
| 265|0x0000000090900000, 0x0000000090a00000, 0x0000000090a00000|100%|HS|  |TAMS 0x0000000090a00000, 0x0000000090900000| Complete 
| 266|0x0000000090a00000, 0x0000000090b00000, 0x0000000090b00000|100%|HC|  |TAMS 0x0000000090b00000, 0x0000000090a00000| Complete 
| 267|0x0000000090b00000, 0x0000000090c00000, 0x0000000090c00000|100%| O|  |TAMS 0x0000000090b00000, 0x0000000090b00000| Untracked 
| 268|0x0000000090c00000, 0x0000000090d00000, 0x0000000090d00000|100%| O|  |TAMS 0x0000000090c00000, 0x0000000090c00000| Untracked 
| 269|0x0000000090d00000, 0x0000000090e00000, 0x0000000090e00000|100%| O|  |TAMS 0x0000000090d00000, 0x0000000090d00000| Untracked 
| 270|0x0000000090e00000, 0x0000000090f00000, 0x0000000090f00000|100%| O|  |TAMS 0x0000000090e00000, 0x0000000090e00000| Untracked 
| 271|0x0000000090f00000, 0x0000000091000000, 0x0000000091000000|100%| O|  |TAMS 0x0000000090f00000, 0x0000000090f00000| Untracked 
| 272|0x0000000091000000, 0x0000000091100000, 0x0000000091100000|100%| O|  |TAMS 0x0000000091000000, 0x0000000091000000| Untracked 
| 273|0x0000000091100000, 0x0000000091200000, 0x0000000091200000|100%| O|  |TAMS 0x0000000091100000, 0x0000000091100000| Untracked 
| 274|0x0000000091200000, 0x0000000091300000, 0x0000000091300000|100%| O|  |TAMS 0x0000000091200000, 0x0000000091200000| Untracked 
| 275|0x0000000091300000, 0x0000000091400000, 0x0000000091400000|100%| O|  |TAMS 0x0000000091300000, 0x0000000091300000| Untracked 
| 276|0x0000000091400000, 0x0000000091500000, 0x0000000091500000|100%| O|  |TAMS 0x0000000091400000, 0x0000000091400000| Untracked 
| 277|0x0000000091500000, 0x0000000091600000, 0x0000000091600000|100%| O|  |TAMS 0x0000000091500000, 0x0000000091500000| Untracked 
| 278|0x0000000091600000, 0x0000000091700000, 0x0000000091700000|100%| O|  |TAMS 0x0000000091600000, 0x0000000091600000| Untracked 
| 279|0x0000000091700000, 0x0000000091800000, 0x0000000091800000|100%| O|  |TAMS 0x0000000091700000, 0x0000000091700000| Untracked 
| 280|0x0000000091800000, 0x0000000091900000, 0x0000000091900000|100%| O|  |TAMS 0x0000000091800000, 0x0000000091800000| Untracked 
| 281|0x0000000091900000, 0x0000000091a00000, 0x0000000091a00000|100%| O|  |TAMS 0x0000000091900000, 0x0000000091900000| Untracked 
| 282|0x0000000091a00000, 0x0000000091b00000, 0x0000000091b00000|100%| O|  |TAMS 0x0000000091a00000, 0x0000000091a00000| Untracked 
| 283|0x0000000091b00000, 0x0000000091c00000, 0x0000000091c00000|100%| O|  |TAMS 0x0000000091b00000, 0x0000000091b00000| Untracked 
| 284|0x0000000091c00000, 0x0000000091d00000, 0x0000000091d00000|100%| O|  |TAMS 0x0000000091c00000, 0x0000000091c00000| Untracked 
| 285|0x0000000091d00000, 0x0000000091e00000, 0x0000000091e00000|100%| O|  |TAMS 0x0000000091d00000, 0x0000000091d00000| Untracked 
| 286|0x0000000091e00000, 0x0000000091f00000, 0x0000000091f00000|100%| O|  |TAMS 0x0000000091e00000, 0x0000000091e00000| Untracked 
| 287|0x0000000091f00000, 0x0000000092000000, 0x0000000092000000|100%| O|  |TAMS 0x0000000091f00000, 0x0000000091f00000| Untracked 
| 288|0x0000000092000000, 0x0000000092100000, 0x0000000092100000|100%| O|  |TAMS 0x0000000092000000, 0x0000000092000000| Untracked 
| 289|0x0000000092100000, 0x0000000092200000, 0x0000000092200000|100%| O|  |TAMS 0x0000000092100000, 0x0000000092100000| Untracked 
| 290|0x0000000092200000, 0x0000000092300000, 0x0000000092300000|100%| O|  |TAMS 0x0000000092200000, 0x0000000092200000| Untracked 
| 291|0x0000000092300000, 0x0000000092400000, 0x0000000092400000|100%| O|  |TAMS 0x0000000092300000, 0x0000000092300000| Untracked 
| 292|0x0000000092400000, 0x0000000092500000, 0x0000000092500000|100%| O|  |TAMS 0x0000000092400000, 0x0000000092400000| Untracked 
| 293|0x0000000092500000, 0x0000000092600000, 0x0000000092600000|100%| O|  |TAMS 0x0000000092500000, 0x0000000092500000| Untracked 
| 294|0x0000000092600000, 0x0000000092700000, 0x0000000092700000|100%| O|  |TAMS 0x0000000092600000, 0x0000000092600000| Untracked 
| 295|0x0000000092700000, 0x0000000092800000, 0x0000000092800000|100%| O|  |TAMS 0x0000000092700000, 0x0000000092700000| Untracked 
| 296|0x0000000092800000, 0x0000000092900000, 0x0000000092900000|100%| O|  |TAMS 0x0000000092800000, 0x0000000092800000| Untracked 
| 297|0x0000000092900000, 0x0000000092a00000, 0x0000000092a00000|100%| O|  |TAMS 0x0000000092900000, 0x0000000092900000| Untracked 
| 298|0x0000000092a00000, 0x0000000092b00000, 0x0000000092b00000|100%| O|  |TAMS 0x0000000092a00000, 0x0000000092a00000| Untracked 
| 299|0x0000000092b00000, 0x0000000092c00000, 0x0000000092c00000|100%| O|  |TAMS 0x0000000092b00000, 0x0000000092b00000| Untracked 
| 300|0x0000000092c00000, 0x0000000092d00000, 0x0000000092d00000|100%| O|  |TAMS 0x0000000092c00000, 0x0000000092c00000| Untracked 
| 301|0x0000000092d00000, 0x0000000092e00000, 0x0000000092e00000|100%| O|  |TAMS 0x0000000092d00000, 0x0000000092d00000| Untracked 
| 302|0x0000000092e00000, 0x0000000092f00000, 0x0000000092f00000|100%| O|  |TAMS 0x0000000092e00000, 0x0000000092e00000| Untracked 
| 303|0x0000000092f00000, 0x0000000093000000, 0x0000000093000000|100%| O|  |TAMS 0x0000000092f00000, 0x0000000092f00000| Untracked 
| 304|0x0000000093000000, 0x0000000093100000, 0x0000000093100000|100%| O|  |TAMS 0x0000000093000000, 0x0000000093000000| Untracked 
| 305|0x0000000093100000, 0x0000000093200000, 0x0000000093200000|100%| O|  |TAMS 0x0000000093100000, 0x0000000093100000| Untracked 
| 306|0x0000000093200000, 0x0000000093300000, 0x0000000093300000|100%| O|  |TAMS 0x0000000093200000, 0x0000000093200000| Untracked 
| 307|0x0000000093300000, 0x0000000093400000, 0x0000000093400000|100%| O|  |TAMS 0x0000000093300000, 0x0000000093300000| Untracked 
| 308|0x0000000093400000, 0x0000000093500000, 0x0000000093500000|100%| O|  |TAMS 0x0000000093400000, 0x0000000093400000| Untracked 
| 309|0x0000000093500000, 0x0000000093600000, 0x0000000093600000|100%| O|  |TAMS 0x0000000093500000, 0x0000000093500000| Untracked 
| 310|0x0000000093600000, 0x0000000093700000, 0x0000000093700000|100%|HS|  |TAMS 0x0000000093600000, 0x0000000093600000| Complete 
| 311|0x0000000093700000, 0x0000000093800000, 0x0000000093800000|100%|HC|  |TAMS 0x0000000093700000, 0x0000000093700000| Complete 
| 312|0x0000000093800000, 0x0000000093900000, 0x0000000093900000|100%|HC|  |TAMS 0x0000000093800000, 0x0000000093800000| Complete 
| 313|0x0000000093900000, 0x0000000093a00000, 0x0000000093a00000|100%| O|  |TAMS 0x0000000093900000, 0x0000000093900000| Untracked 
| 314|0x0000000093a00000, 0x0000000093b00000, 0x0000000093b00000|100%| O|  |TAMS 0x0000000093a00000, 0x0000000093a00000| Untracked 
| 315|0x0000000093b00000, 0x0000000093c00000, 0x0000000093c00000|100%|HS|  |TAMS 0x0000000093b00000, 0x0000000093b00000| Complete 
| 316|0x0000000093c00000, 0x0000000093d00000, 0x0000000093d00000|100%|HC|  |TAMS 0x0000000093c00000, 0x0000000093c00000| Complete 
| 317|0x0000000093d00000, 0x0000000093e00000, 0x0000000093e00000|100%|HC|  |TAMS 0x0000000093d00000, 0x0000000093d00000| Complete 
| 318|0x0000000093e00000, 0x0000000093f00000, 0x0000000093f00000|100%| O|  |TAMS 0x0000000093e00000, 0x0000000093e00000| Untracked 
| 319|0x0000000093f00000, 0x0000000094000000, 0x0000000094000000|100%| O|  |TAMS 0x0000000093f00000, 0x0000000093f00000| Untracked 
| 320|0x0000000094000000, 0x0000000094100000, 0x0000000094100000|100%| O|  |TAMS 0x0000000094000000, 0x0000000094000000| Untracked 
| 321|0x0000000094100000, 0x0000000094200000, 0x0000000094200000|100%| O|  |TAMS 0x0000000094100000, 0x0000000094100000| Untracked 
| 322|0x0000000094200000, 0x0000000094300000, 0x0000000094300000|100%| O|  |TAMS 0x0000000094200000, 0x0000000094200000| Untracked 
| 323|0x0000000094300000, 0x0000000094400000, 0x0000000094400000|100%| O|  |TAMS 0x0000000094300000, 0x0000000094300000| Untracked 
| 324|0x0000000094400000, 0x0000000094500000, 0x0000000094500000|100%| O|  |TAMS 0x0000000094400000, 0x0000000094400000| Untracked 
| 325|0x0000000094500000, 0x0000000094600000, 0x0000000094600000|100%| O|  |TAMS 0x0000000094500000, 0x0000000094500000| Untracked 
| 326|0x0000000094600000, 0x0000000094700000, 0x0000000094700000|100%| O|  |TAMS 0x0000000094600000, 0x0000000094600000| Untracked 
| 327|0x0000000094700000, 0x0000000094800000, 0x0000000094800000|100%| O|  |TAMS 0x0000000094700000, 0x0000000094700000| Untracked 
| 328|0x0000000094800000, 0x0000000094900000, 0x0000000094900000|100%| O|  |TAMS 0x0000000094800000, 0x0000000094800000| Untracked 
| 329|0x0000000094900000, 0x0000000094a00000, 0x0000000094a00000|100%| O|  |TAMS 0x0000000094900000, 0x0000000094900000| Untracked 
| 330|0x0000000094a00000, 0x0000000094b00000, 0x0000000094b00000|100%| O|  |TAMS 0x0000000094a00000, 0x0000000094a00000| Untracked 
| 331|0x0000000094b00000, 0x0000000094c00000, 0x0000000094c00000|100%| O|  |TAMS 0x0000000094b00000, 0x0000000094b00000| Untracked 
| 332|0x0000000094c00000, 0x0000000094d00000, 0x0000000094d00000|100%| O|  |TAMS 0x0000000094c00000, 0x0000000094c00000| Untracked 
| 333|0x0000000094d00000, 0x0000000094e00000, 0x0000000094e00000|100%| O|  |TAMS 0x0000000094d00000, 0x0000000094d00000| Untracked 
| 334|0x0000000094e00000, 0x0000000094f00000, 0x0000000094f00000|100%| O|  |TAMS 0x0000000094e00000, 0x0000000094e00000| Untracked 
| 335|0x0000000094f00000, 0x0000000095000000, 0x0000000095000000|100%| O|  |TAMS 0x0000000094f00000, 0x0000000094f00000| Untracked 
| 336|0x0000000095000000, 0x0000000095100000, 0x0000000095100000|100%| O|  |TAMS 0x0000000095000000, 0x0000000095000000| Untracked 
| 337|0x0000000095100000, 0x0000000095200000, 0x0000000095200000|100%| O|  |TAMS 0x0000000095100000, 0x0000000095100000| Untracked 
| 338|0x0000000095200000, 0x0000000095300000, 0x0000000095300000|100%| O|  |TAMS 0x0000000095200000, 0x0000000095200000| Untracked 
| 339|0x0000000095300000, 0x0000000095400000, 0x0000000095400000|100%| O|  |TAMS 0x0000000095300000, 0x0000000095300000| Untracked 
| 340|0x0000000095400000, 0x0000000095500000, 0x0000000095500000|100%| O|  |TAMS 0x0000000095400000, 0x0000000095400000| Untracked 
| 341|0x0000000095500000, 0x0000000095600000, 0x0000000095600000|100%| O|  |TAMS 0x0000000095500000, 0x0000000095500000| Untracked 
| 342|0x0000000095600000, 0x0000000095700000, 0x0000000095700000|100%| O|  |TAMS 0x0000000095600000, 0x0000000095600000| Untracked 
| 343|0x0000000095700000, 0x0000000095800000, 0x0000000095800000|100%| O|  |TAMS 0x0000000095700000, 0x0000000095700000| Untracked 
| 344|0x0000000095800000, 0x0000000095900000, 0x0000000095900000|100%| O|  |TAMS 0x0000000095800000, 0x0000000095800000| Untracked 
| 345|0x0000000095900000, 0x0000000095a00000, 0x0000000095a00000|100%| O|  |TAMS 0x0000000095900000, 0x0000000095900000| Untracked 
| 346|0x0000000095a00000, 0x0000000095b00000, 0x0000000095b00000|100%| O|  |TAMS 0x0000000095a00000, 0x0000000095a00000| Untracked 
| 347|0x0000000095b00000, 0x0000000095c00000, 0x0000000095c00000|100%| O|  |TAMS 0x0000000095b00000, 0x0000000095b00000| Untracked 
| 348|0x0000000095c00000, 0x0000000095d00000, 0x0000000095d00000|100%| O|  |TAMS 0x0000000095c00000, 0x0000000095c00000| Untracked 
| 349|0x0000000095d00000, 0x0000000095e00000, 0x0000000095e00000|100%| O|  |TAMS 0x0000000095d00000, 0x0000000095d00000| Untracked 
| 350|0x0000000095e00000, 0x0000000095f00000, 0x0000000095f00000|100%| O|  |TAMS 0x0000000095e00000, 0x0000000095e00000| Untracked 
| 351|0x0000000095f00000, 0x0000000096000000, 0x0000000096000000|100%| O|  |TAMS 0x0000000095f00000, 0x0000000095f00000| Untracked 
| 352|0x0000000096000000, 0x0000000096100000, 0x0000000096100000|100%| O|  |TAMS 0x0000000096000000, 0x0000000096000000| Untracked 
| 353|0x0000000096100000, 0x0000000096200000, 0x0000000096200000|100%| O|  |TAMS 0x0000000096100000, 0x0000000096100000| Untracked 
| 354|0x0000000096200000, 0x0000000096300000, 0x0000000096300000|100%| O|  |TAMS 0x0000000096200000, 0x0000000096200000| Untracked 
| 355|0x0000000096300000, 0x0000000096400000, 0x0000000096400000|100%| O|  |TAMS 0x0000000096300000, 0x0000000096300000| Untracked 
| 356|0x0000000096400000, 0x0000000096500000, 0x0000000096500000|100%| O|  |TAMS 0x0000000096400000, 0x0000000096400000| Untracked 
| 357|0x0000000096500000, 0x0000000096600000, 0x0000000096600000|100%| O|  |TAMS 0x0000000096500000, 0x0000000096500000| Untracked 
| 358|0x0000000096600000, 0x0000000096700000, 0x0000000096700000|100%| O|  |TAMS 0x0000000096600000, 0x0000000096600000| Untracked 
| 359|0x0000000096700000, 0x0000000096800000, 0x0000000096800000|100%| O|  |TAMS 0x0000000096700000, 0x0000000096700000| Untracked 
| 360|0x0000000096800000, 0x0000000096900000, 0x0000000096900000|100%| O|  |TAMS 0x0000000096800000, 0x0000000096800000| Untracked 
| 361|0x0000000096900000, 0x0000000096a00000, 0x0000000096a00000|100%| O|  |TAMS 0x0000000096900000, 0x0000000096900000| Untracked 
| 362|0x0000000096a00000, 0x0000000096b00000, 0x0000000096b00000|100%| O|  |TAMS 0x0000000096a00000, 0x0000000096a00000| Untracked 
| 363|0x0000000096b00000, 0x0000000096c00000, 0x0000000096c00000|100%| O|  |TAMS 0x0000000096b00000, 0x0000000096b00000| Untracked 
| 364|0x0000000096c00000, 0x0000000096d00000, 0x0000000096d00000|100%| O|  |TAMS 0x0000000096c00000, 0x0000000096c00000| Untracked 
| 365|0x0000000096d00000, 0x0000000096e00000, 0x0000000096e00000|100%| O|  |TAMS 0x0000000096d00000, 0x0000000096d00000| Untracked 
| 366|0x0000000096e00000, 0x0000000096f00000, 0x0000000096f00000|100%| O|  |TAMS 0x0000000096e00000, 0x0000000096e00000| Untracked 
| 367|0x0000000096f00000, 0x0000000097000000, 0x0000000097000000|100%| O|  |TAMS 0x0000000096f00000, 0x0000000096f00000| Untracked 
| 368|0x0000000097000000, 0x0000000097100000, 0x0000000097100000|100%| O|  |TAMS 0x0000000097000000, 0x0000000097000000| Untracked 
| 369|0x0000000097100000, 0x0000000097200000, 0x0000000097200000|100%| O|  |TAMS 0x0000000097100000, 0x0000000097100000| Untracked 
| 370|0x0000000097200000, 0x0000000097300000, 0x0000000097300000|100%| O|  |TAMS 0x0000000097200000, 0x0000000097200000| Untracked 
| 371|0x0000000097300000, 0x0000000097400000, 0x0000000097400000|100%| O|  |TAMS 0x0000000097300000, 0x0000000097300000| Untracked 
| 372|0x0000000097400000, 0x0000000097500000, 0x0000000097500000|100%| O|  |TAMS 0x0000000097400000, 0x0000000097400000| Untracked 
| 373|0x0000000097500000, 0x0000000097600000, 0x0000000097600000|100%| O|  |TAMS 0x0000000097500000, 0x0000000097500000| Untracked 
| 374|0x0000000097600000, 0x0000000097700000, 0x0000000097700000|100%| O|  |TAMS 0x0000000097600000, 0x0000000097600000| Untracked 
| 375|0x0000000097700000, 0x0000000097800000, 0x0000000097800000|100%| O|  |TAMS 0x0000000097700000, 0x0000000097700000| Untracked 
| 376|0x0000000097800000, 0x0000000097900000, 0x0000000097900000|100%| O|  |TAMS 0x0000000097800000, 0x0000000097800000| Untracked 
| 377|0x0000000097900000, 0x0000000097a00000, 0x0000000097a00000|100%| O|  |TAMS 0x0000000097900000, 0x0000000097900000| Untracked 
| 378|0x0000000097a00000, 0x0000000097b00000, 0x0000000097b00000|100%| O|  |TAMS 0x0000000097a00000, 0x0000000097a00000| Untracked 
| 379|0x0000000097b00000, 0x0000000097c00000, 0x0000000097c00000|100%| O|  |TAMS 0x0000000097b00000, 0x0000000097b00000| Untracked 
| 380|0x0000000097c00000, 0x0000000097d00000, 0x0000000097d00000|100%| O|  |TAMS 0x0000000097c00000, 0x0000000097c00000| Untracked 
| 381|0x0000000097d00000, 0x0000000097e00000, 0x0000000097e00000|100%| O|  |TAMS 0x0000000097d00000, 0x0000000097d00000| Untracked 
| 382|0x0000000097e00000, 0x0000000097f00000, 0x0000000097f00000|100%| O|  |TAMS 0x0000000097e00000, 0x0000000097e00000| Untracked 
| 383|0x0000000097f00000, 0x0000000098000000, 0x0000000098000000|100%| O|  |TAMS 0x0000000097f00000, 0x0000000097f00000| Untracked 
| 384|0x0000000098000000, 0x0000000098100000, 0x0000000098100000|100%| O|  |TAMS 0x0000000098000000, 0x0000000098000000| Untracked 
| 385|0x0000000098100000, 0x0000000098200000, 0x0000000098200000|100%| O|  |TAMS 0x0000000098100000, 0x0000000098100000| Untracked 
| 386|0x0000000098200000, 0x0000000098300000, 0x0000000098300000|100%| O|  |TAMS 0x0000000098200000, 0x0000000098200000| Untracked 
| 387|0x0000000098300000, 0x0000000098400000, 0x0000000098400000|100%| O|  |TAMS 0x0000000098300000, 0x0000000098300000| Untracked 
| 388|0x0000000098400000, 0x0000000098500000, 0x0000000098500000|100%| O|  |TAMS 0x0000000098400000, 0x0000000098400000| Untracked 
| 389|0x0000000098500000, 0x0000000098600000, 0x0000000098600000|100%|HS|  |TAMS 0x0000000098500000, 0x0000000098500000| Complete 
| 390|0x0000000098600000, 0x0000000098700000, 0x0000000098700000|100%|HC|  |TAMS 0x0000000098600000, 0x0000000098600000| Complete 
| 391|0x0000000098700000, 0x0000000098800000, 0x0000000098800000|100%| O|  |TAMS 0x0000000098700000, 0x0000000098700000| Untracked 
| 392|0x0000000098800000, 0x000000009881f200, 0x0000000098900000| 12%| O|  |TAMS 0x0000000098800000, 0x0000000098800000| Untracked 
| 393|0x0000000098900000, 0x0000000098900000, 0x0000000098a00000|  0%| F|  |TAMS 0x0000000098900000, 0x0000000098900000| Untracked 
| 394|0x0000000098a00000, 0x0000000098a00000, 0x0000000098b00000|  0%| F|  |TAMS 0x0000000098a00000, 0x0000000098a00000| Untracked 
| 395|0x0000000098b00000, 0x0000000098b00000, 0x0000000098c00000|  0%| F|  |TAMS 0x0000000098b00000, 0x0000000098b00000| Untracked 
| 396|0x0000000098c00000, 0x0000000098c00000, 0x0000000098d00000|  0%| F|  |TAMS 0x0000000098c00000, 0x0000000098c00000| Untracked 
| 397|0x0000000098d00000, 0x0000000098d00000, 0x0000000098e00000|  0%| F|  |TAMS 0x0000000098d00000, 0x0000000098d00000| Untracked 
| 398|0x0000000098e00000, 0x0000000098e00000, 0x0000000098f00000|  0%| F|  |TAMS 0x0000000098e00000, 0x0000000098e00000| Untracked 
| 399|0x0000000098f00000, 0x0000000098f00000, 0x0000000099000000|  0%| F|  |TAMS 0x0000000098f00000, 0x0000000098f00000| Untracked 
| 400|0x0000000099000000, 0x0000000099000000, 0x0000000099100000|  0%| F|  |TAMS 0x0000000099000000, 0x0000000099000000| Untracked 
| 401|0x0000000099100000, 0x0000000099100000, 0x0000000099200000|  0%| F|  |TAMS 0x0000000099100000, 0x0000000099100000| Untracked 
| 402|0x0000000099200000, 0x0000000099200000, 0x0000000099300000|  0%| F|  |TAMS 0x0000000099200000, 0x0000000099200000| Untracked 
| 403|0x0000000099300000, 0x0000000099300000, 0x0000000099400000|  0%| F|  |TAMS 0x0000000099300000, 0x0000000099300000| Untracked 
| 404|0x0000000099400000, 0x0000000099400000, 0x0000000099500000|  0%| F|  |TAMS 0x0000000099400000, 0x0000000099400000| Untracked 
| 405|0x0000000099500000, 0x0000000099500000, 0x0000000099600000|  0%| F|  |TAMS 0x0000000099500000, 0x0000000099500000| Untracked 
| 406|0x0000000099600000, 0x0000000099600000, 0x0000000099700000|  0%| F|  |TAMS 0x0000000099600000, 0x0000000099600000| Untracked 
| 407|0x0000000099700000, 0x0000000099700000, 0x0000000099800000|  0%| F|  |TAMS 0x0000000099700000, 0x0000000099700000| Untracked 
| 408|0x0000000099800000, 0x0000000099800000, 0x0000000099900000|  0%| F|  |TAMS 0x0000000099800000, 0x0000000099800000| Untracked 
| 409|0x0000000099900000, 0x0000000099900000, 0x0000000099a00000|  0%| F|  |TAMS 0x0000000099900000, 0x0000000099900000| Untracked 
| 410|0x0000000099a00000, 0x0000000099a00000, 0x0000000099b00000|  0%| F|  |TAMS 0x0000000099a00000, 0x0000000099a00000| Untracked 
| 411|0x0000000099b00000, 0x0000000099b00000, 0x0000000099c00000|  0%| F|  |TAMS 0x0000000099b00000, 0x0000000099b00000| Untracked 
| 412|0x0000000099c00000, 0x0000000099c00000, 0x0000000099d00000|  0%| F|  |TAMS 0x0000000099c00000, 0x0000000099c00000| Untracked 
| 413|0x0000000099d00000, 0x0000000099d00000, 0x0000000099e00000|  0%| F|  |TAMS 0x0000000099d00000, 0x0000000099d00000| Untracked 
| 414|0x0000000099e00000, 0x0000000099e00000, 0x0000000099f00000|  0%| F|  |TAMS 0x0000000099e00000, 0x0000000099e00000| Untracked 
| 415|0x0000000099f00000, 0x0000000099f00000, 0x000000009a000000|  0%| F|  |TAMS 0x0000000099f00000, 0x0000000099f00000| Untracked 
| 416|0x000000009a000000, 0x000000009a000000, 0x000000009a100000|  0%| F|  |TAMS 0x000000009a000000, 0x000000009a000000| Untracked 
| 417|0x000000009a100000, 0x000000009a100000, 0x000000009a200000|  0%| F|  |TAMS 0x000000009a100000, 0x000000009a100000| Untracked 
| 418|0x000000009a200000, 0x000000009a200000, 0x000000009a300000|  0%| F|  |TAMS 0x000000009a200000, 0x000000009a200000| Untracked 
| 419|0x000000009a300000, 0x000000009a300000, 0x000000009a400000|  0%| F|  |TAMS 0x000000009a300000, 0x000000009a300000| Untracked 
| 420|0x000000009a400000, 0x000000009a400000, 0x000000009a500000|  0%| F|  |TAMS 0x000000009a400000, 0x000000009a400000| Untracked 
| 421|0x000000009a500000, 0x000000009a500000, 0x000000009a600000|  0%| F|  |TAMS 0x000000009a500000, 0x000000009a500000| Untracked 
| 422|0x000000009a600000, 0x000000009a600000, 0x000000009a700000|  0%| F|  |TAMS 0x000000009a600000, 0x000000009a600000| Untracked 
| 423|0x000000009a700000, 0x000000009a700000, 0x000000009a800000|  0%| F|  |TAMS 0x000000009a700000, 0x000000009a700000| Untracked 
| 424|0x000000009a800000, 0x000000009a800000, 0x000000009a900000|  0%| F|  |TAMS 0x000000009a800000, 0x000000009a800000| Untracked 
| 425|0x000000009a900000, 0x000000009a900000, 0x000000009aa00000|  0%| F|  |TAMS 0x000000009a900000, 0x000000009a900000| Untracked 
| 426|0x000000009aa00000, 0x000000009aa00000, 0x000000009ab00000|  0%| F|  |TAMS 0x000000009aa00000, 0x000000009aa00000| Untracked 
| 427|0x000000009ab00000, 0x000000009ab00000, 0x000000009ac00000|  0%| F|  |TAMS 0x000000009ab00000, 0x000000009ab00000| Untracked 
| 428|0x000000009ac00000, 0x000000009ac00000, 0x000000009ad00000|  0%| F|  |TAMS 0x000000009ac00000, 0x000000009ac00000| Untracked 
| 429|0x000000009ad00000, 0x000000009ad00000, 0x000000009ae00000|  0%| F|  |TAMS 0x000000009ad00000, 0x000000009ad00000| Untracked 
| 430|0x000000009ae00000, 0x000000009ae00000, 0x000000009af00000|  0%| F|  |TAMS 0x000000009ae00000, 0x000000009ae00000| Untracked 
| 431|0x000000009af00000, 0x000000009af00000, 0x000000009b000000|  0%| F|  |TAMS 0x000000009af00000, 0x000000009af00000| Untracked 
| 432|0x000000009b000000, 0x000000009b000000, 0x000000009b100000|  0%| F|  |TAMS 0x000000009b000000, 0x000000009b000000| Untracked 
| 433|0x000000009b100000, 0x000000009b100000, 0x000000009b200000|  0%| F|  |TAMS 0x000000009b100000, 0x000000009b100000| Untracked 
| 434|0x000000009b200000, 0x000000009b200000, 0x000000009b300000|  0%| F|  |TAMS 0x000000009b200000, 0x000000009b200000| Untracked 
| 435|0x000000009b300000, 0x000000009b300000, 0x000000009b400000|  0%| F|  |TAMS 0x000000009b300000, 0x000000009b300000| Untracked 
| 436|0x000000009b400000, 0x000000009b400000, 0x000000009b500000|  0%| F|  |TAMS 0x000000009b400000, 0x000000009b400000| Untracked 
| 437|0x000000009b500000, 0x000000009b500000, 0x000000009b600000|  0%| F|  |TAMS 0x000000009b500000, 0x000000009b500000| Untracked 
| 438|0x000000009b600000, 0x000000009b600000, 0x000000009b700000|  0%| F|  |TAMS 0x000000009b600000, 0x000000009b600000| Untracked 
| 439|0x000000009b700000, 0x000000009b700000, 0x000000009b800000|  0%| F|  |TAMS 0x000000009b700000, 0x000000009b700000| Untracked 
| 440|0x000000009b800000, 0x000000009b800000, 0x000000009b900000|  0%| F|  |TAMS 0x000000009b800000, 0x000000009b800000| Untracked 
| 441|0x000000009b900000, 0x000000009b900000, 0x000000009ba00000|  0%| F|  |TAMS 0x000000009b900000, 0x000000009b900000| Untracked 
| 442|0x000000009ba00000, 0x000000009ba00000, 0x000000009bb00000|  0%| F|  |TAMS 0x000000009ba00000, 0x000000009ba00000| Untracked 
| 443|0x000000009bb00000, 0x000000009bb00000, 0x000000009bc00000|  0%| F|  |TAMS 0x000000009bb00000, 0x000000009bb00000| Untracked 
| 444|0x000000009bc00000, 0x000000009bc00000, 0x000000009bd00000|  0%| F|  |TAMS 0x000000009bc00000, 0x000000009bc00000| Untracked 
| 445|0x000000009bd00000, 0x000000009bd00000, 0x000000009be00000|  0%| F|  |TAMS 0x000000009bd00000, 0x000000009bd00000| Untracked 
| 446|0x000000009be00000, 0x000000009beed5f0, 0x000000009bf00000| 92%| S|CS|TAMS 0x000000009be00000, 0x000000009be00000| Complete 
| 447|0x000000009bf00000, 0x000000009c000000, 0x000000009c000000|100%| S|CS|TAMS 0x000000009bf00000, 0x000000009bf00000| Complete 
| 448|0x000000009c000000, 0x000000009c100000, 0x000000009c100000|100%| S|CS|TAMS 0x000000009c000000, 0x000000009c000000| Complete 
| 449|0x000000009c100000, 0x000000009c200000, 0x000000009c200000|100%| S|CS|TAMS 0x000000009c100000, 0x000000009c100000| Complete 
| 450|0x000000009c200000, 0x000000009c200000, 0x000000009c300000|  0%| F|  |TAMS 0x000000009c200000, 0x000000009c200000| Untracked 
| 451|0x000000009c300000, 0x000000009c300000, 0x000000009c400000|  0%| F|  |TAMS 0x000000009c300000, 0x000000009c300000| Untracked 
| 452|0x000000009c400000, 0x000000009c400000, 0x000000009c500000|  0%| F|  |TAMS 0x000000009c400000, 0x000000009c400000| Untracked 
| 453|0x000000009c500000, 0x000000009c500000, 0x000000009c600000|  0%| F|  |TAMS 0x000000009c500000, 0x000000009c500000| Untracked 
| 454|0x000000009c600000, 0x000000009c600000, 0x000000009c700000|  0%| F|  |TAMS 0x000000009c600000, 0x000000009c600000| Untracked 
| 455|0x000000009c700000, 0x000000009c800000, 0x000000009c800000|100%| S|CS|TAMS 0x000000009c700000, 0x000000009c700000| Complete 
| 456|0x000000009c800000, 0x000000009c900000, 0x000000009c900000|100%| S|CS|TAMS 0x000000009c800000, 0x000000009c800000| Complete 
| 457|0x000000009c900000, 0x000000009ca00000, 0x000000009ca00000|100%| S|CS|TAMS 0x000000009c900000, 0x000000009c900000| Complete 
| 458|0x000000009ca00000, 0x000000009cb00000, 0x000000009cb00000|100%| S|CS|TAMS 0x000000009ca00000, 0x000000009ca00000| Complete 
| 459|0x000000009cb00000, 0x000000009cb00000, 0x000000009cc00000|  0%| F|  |TAMS 0x000000009cb00000, 0x000000009cb00000| Untracked 
| 460|0x000000009cc00000, 0x000000009cc00000, 0x000000009cd00000|  0%| F|  |TAMS 0x000000009cc00000, 0x000000009cc00000| Untracked 
| 461|0x000000009cd00000, 0x000000009cd00000, 0x000000009ce00000|  0%| F|  |TAMS 0x000000009cd00000, 0x000000009cd00000| Untracked 
| 462|0x000000009ce00000, 0x000000009ce00000, 0x000000009cf00000|  0%| F|  |TAMS 0x000000009ce00000, 0x000000009ce00000| Untracked 
| 463|0x000000009cf00000, 0x000000009cf00000, 0x000000009d000000|  0%| F|  |TAMS 0x000000009cf00000, 0x000000009cf00000| Untracked 
| 464|0x000000009d000000, 0x000000009d000000, 0x000000009d100000|  0%| F|  |TAMS 0x000000009d000000, 0x000000009d000000| Untracked 
| 465|0x000000009d100000, 0x000000009d100000, 0x000000009d200000|  0%| F|  |TAMS 0x000000009d100000, 0x000000009d100000| Untracked 
| 466|0x000000009d200000, 0x000000009d200000, 0x000000009d300000|  0%| F|  |TAMS 0x000000009d200000, 0x000000009d200000| Untracked 
| 467|0x000000009d300000, 0x000000009d300000, 0x000000009d400000|  0%| F|  |TAMS 0x000000009d300000, 0x000000009d300000| Untracked 
| 468|0x000000009d400000, 0x000000009d400000, 0x000000009d500000|  0%| F|  |TAMS 0x000000009d400000, 0x000000009d400000| Untracked 
| 469|0x000000009d500000, 0x000000009d500000, 0x000000009d600000|  0%| F|  |TAMS 0x000000009d500000, 0x000000009d500000| Untracked 
| 470|0x000000009d600000, 0x000000009d600000, 0x000000009d700000|  0%| F|  |TAMS 0x000000009d600000, 0x000000009d600000| Untracked 
| 471|0x000000009d700000, 0x000000009d700000, 0x000000009d800000|  0%| F|  |TAMS 0x000000009d700000, 0x000000009d700000| Untracked 
| 472|0x000000009d800000, 0x000000009d800000, 0x000000009d900000|  0%| F|  |TAMS 0x000000009d800000, 0x000000009d800000| Untracked 
| 473|0x000000009d900000, 0x000000009d900000, 0x000000009da00000|  0%| F|  |TAMS 0x000000009d900000, 0x000000009d900000| Untracked 
| 474|0x000000009da00000, 0x000000009da00000, 0x000000009db00000|  0%| F|  |TAMS 0x000000009da00000, 0x000000009da00000| Untracked 
| 475|0x000000009db00000, 0x000000009db00000, 0x000000009dc00000|  0%| F|  |TAMS 0x000000009db00000, 0x000000009db00000| Untracked 
| 476|0x000000009dc00000, 0x000000009dc00000, 0x000000009dd00000|  0%| F|  |TAMS 0x000000009dc00000, 0x000000009dc00000| Untracked 
| 477|0x000000009dd00000, 0x000000009dd00000, 0x000000009de00000|  0%| F|  |TAMS 0x000000009dd00000, 0x000000009dd00000| Untracked 
| 478|0x000000009de00000, 0x000000009de00000, 0x000000009df00000|  0%| F|  |TAMS 0x000000009de00000, 0x000000009de00000| Untracked 
| 479|0x000000009df00000, 0x000000009df00000, 0x000000009e000000|  0%| F|  |TAMS 0x000000009df00000, 0x000000009df00000| Untracked 
| 480|0x000000009e000000, 0x000000009e000000, 0x000000009e100000|  0%| F|  |TAMS 0x000000009e000000, 0x000000009e000000| Untracked 
| 481|0x000000009e100000, 0x000000009e100000, 0x000000009e200000|  0%| F|  |TAMS 0x000000009e100000, 0x000000009e100000| Untracked 
| 482|0x000000009e200000, 0x000000009e200000, 0x000000009e300000|  0%| F|  |TAMS 0x000000009e200000, 0x000000009e200000| Untracked 
| 483|0x000000009e300000, 0x000000009e300000, 0x000000009e400000|  0%| F|  |TAMS 0x000000009e300000, 0x000000009e300000| Untracked 
| 484|0x000000009e400000, 0x000000009e400000, 0x000000009e500000|  0%| F|  |TAMS 0x000000009e400000, 0x000000009e400000| Untracked 
| 485|0x000000009e500000, 0x000000009e500000, 0x000000009e600000|  0%| F|  |TAMS 0x000000009e500000, 0x000000009e500000| Untracked 
| 486|0x000000009e600000, 0x000000009e600000, 0x000000009e700000|  0%| F|  |TAMS 0x000000009e600000, 0x000000009e600000| Untracked 
| 487|0x000000009e700000, 0x000000009e700000, 0x000000009e800000|  0%| F|  |TAMS 0x000000009e700000, 0x000000009e700000| Untracked 
| 488|0x000000009e800000, 0x000000009e800000, 0x000000009e900000|  0%| F|  |TAMS 0x000000009e800000, 0x000000009e800000| Untracked 
| 489|0x000000009e900000, 0x000000009e900000, 0x000000009ea00000|  0%| F|  |TAMS 0x000000009e900000, 0x000000009e900000| Untracked 
| 490|0x000000009ea00000, 0x000000009ea00000, 0x000000009eb00000|  0%| F|  |TAMS 0x000000009ea00000, 0x000000009ea00000| Untracked 
| 491|0x000000009eb00000, 0x000000009eb00000, 0x000000009ec00000|  0%| F|  |TAMS 0x000000009eb00000, 0x000000009eb00000| Untracked 
| 492|0x000000009ec00000, 0x000000009ec00000, 0x000000009ed00000|  0%| F|  |TAMS 0x000000009ec00000, 0x000000009ec00000| Untracked 
| 493|0x000000009ed00000, 0x000000009ed00000, 0x000000009ee00000|  0%| F|  |TAMS 0x000000009ed00000, 0x000000009ed00000| Untracked 
| 494|0x000000009ee00000, 0x000000009ee00000, 0x000000009ef00000|  0%| F|  |TAMS 0x000000009ee00000, 0x000000009ee00000| Untracked 
| 495|0x000000009ef00000, 0x000000009ef00000, 0x000000009f000000|  0%| F|  |TAMS 0x000000009ef00000, 0x000000009ef00000| Untracked 
| 496|0x000000009f000000, 0x000000009f000000, 0x000000009f100000|  0%| F|  |TAMS 0x000000009f000000, 0x000000009f000000| Untracked 
| 497|0x000000009f100000, 0x000000009f100000, 0x000000009f200000|  0%| F|  |TAMS 0x000000009f100000, 0x000000009f100000| Untracked 
| 498|0x000000009f200000, 0x000000009f200000, 0x000000009f300000|  0%| F|  |TAMS 0x000000009f200000, 0x000000009f200000| Untracked 
| 499|0x000000009f300000, 0x000000009f300000, 0x000000009f400000|  0%| F|  |TAMS 0x000000009f300000, 0x000000009f300000| Untracked 
| 500|0x000000009f400000, 0x000000009f400000, 0x000000009f500000|  0%| F|  |TAMS 0x000000009f400000, 0x000000009f400000| Untracked 
| 501|0x000000009f500000, 0x000000009f500000, 0x000000009f600000|  0%| F|  |TAMS 0x000000009f500000, 0x000000009f500000| Untracked 
| 502|0x000000009f600000, 0x000000009f600000, 0x000000009f700000|  0%| F|  |TAMS 0x000000009f600000, 0x000000009f600000| Untracked 
| 503|0x000000009f700000, 0x000000009f700000, 0x000000009f800000|  0%| F|  |TAMS 0x000000009f700000, 0x000000009f700000| Untracked 
| 504|0x000000009f800000, 0x000000009f800000, 0x000000009f900000|  0%| F|  |TAMS 0x000000009f800000, 0x000000009f800000| Untracked 
| 505|0x000000009f900000, 0x000000009f900000, 0x000000009fa00000|  0%| F|  |TAMS 0x000000009f900000, 0x000000009f900000| Untracked 
| 506|0x000000009fa00000, 0x000000009fa00000, 0x000000009fb00000|  0%| F|  |TAMS 0x000000009fa00000, 0x000000009fa00000| Untracked 
| 507|0x000000009fb00000, 0x000000009fb00000, 0x000000009fc00000|  0%| F|  |TAMS 0x000000009fb00000, 0x000000009fb00000| Untracked 
| 508|0x000000009fc00000, 0x000000009fc00000, 0x000000009fd00000|  0%| F|  |TAMS 0x000000009fc00000, 0x000000009fc00000| Untracked 
| 509|0x000000009fd00000, 0x000000009fd00000, 0x000000009fe00000|  0%| F|  |TAMS 0x000000009fd00000, 0x000000009fd00000| Untracked 
| 510|0x000000009fe00000, 0x000000009fe00000, 0x000000009ff00000|  0%| F|  |TAMS 0x000000009fe00000, 0x000000009fe00000| Untracked 
| 511|0x000000009ff00000, 0x000000009ff00000, 0x00000000a0000000|  0%| F|  |TAMS 0x000000009ff00000, 0x000000009ff00000| Untracked 
| 512|0x00000000a0000000, 0x00000000a00f1f90, 0x00000000a0100000| 94%| E|  |TAMS 0x00000000a0000000, 0x00000000a0000000| Complete 
| 513|0x00000000a0100000, 0x00000000a0200000, 0x00000000a0200000|100%| E|CS|TAMS 0x00000000a0100000, 0x00000000a0100000| Complete 

Card table byte_map: [0x00000172558b0000,0x0000017255cb0000] _byte_map_base: 0x00000172554b0000

Marking Bits (Prev, Next): (CMBitMap*) 0x000001723e3d7010, (CMBitMap*) 0x000001723e3d7050
 Prev Bits: [0x00000172560b0000, 0x00000172580b0000)
 Next Bits: [0x00000172580b0000, 0x000001725a0b0000)

Polling page: 0x000001723c250000

Metaspace:

Usage:
  Non-class:    198.40 MB used.
      Class:     30.18 MB used.
       Both:    228.58 MB used.

Virtual space:
  Non-class space:      256.00 MB reserved,     199.62 MB ( 78%) committed,  4 nodes.
      Class space:      416.00 MB reserved,      31.31 MB (  8%) committed,  1 nodes.
             Both:      672.00 MB reserved,     230.94 MB ( 34%) committed. 

Chunk freelists:
   Non-Class:  8.23 MB
       Class:  624.00 KB
        Both:  8.84 MB

MaxMetaspaceSize: 512.00 MB
CompressedClassSpaceSize: 416.00 MB
Initial GC threshold: 21.00 MB
Current GC threshold: 255.56 MB
CDS: on
MetaspaceReclaimPolicy: balanced
 - commit_granule_bytes: 65536.
 - commit_granule_words: 8192.
 - virtual_space_node_default_size: 8388608.
 - enlarge_chunks_in_place: 1.
 - new_chunks_are_fully_committed: 0.
 - uncommit_free_chunks: 1.
 - use_allocation_guard: 0.
 - handle_deallocations: 1.


Internal statistics:

num_allocs_failed_limit: 9.
num_arena_births: 3848.
num_arena_deaths: 48.
num_vsnodes_births: 5.
num_vsnodes_deaths: 0.
num_space_committed: 3691.
num_space_uncommitted: 0.
num_chunks_returned_to_freelist: 83.
num_chunks_taken_from_freelist: 14682.
num_chunk_merges: 8.
num_chunk_splits: 9392.
num_chunks_enlarged: 5810.
num_inconsistent_stats: 0.

CodeHeap 'non-profiled nmethods': size=119168Kb used=15845Kb max_used=15845Kb free=103323Kb
 bounds [0x000001724d7d0000, 0x000001724e750000, 0x0000017254c30000]
CodeHeap 'profiled nmethods': size=119104Kb used=53100Kb max_used=53931Kb free=66003Kb
 bounds [0x0000017245c30000, 0x0000017249100000, 0x000001724d080000]
CodeHeap 'non-nmethods': size=7488Kb used=2592Kb max_used=3625Kb free=4895Kb
 bounds [0x000001724d080000, 0x000001724d410000, 0x000001724d7d0000]
 total_blobs=28608 nmethods=27427 adapters=1090
 compilation: enabled
              stopped_count=0, restarted_count=0
 full_count=0

Compilation events (20 events):
Event: 74.078 Thread 0x000001725c599850 33990       3       com.intellij.psi.impl.source.tree.RecursiveTreeElementWalkingVisitor::elementFinished (9 bytes)
Event: 74.078 Thread 0x0000017203a446b0 nmethod 33988 0x0000017247471c10 code [0x0000017247471de0, 0x0000017247472238]
Event: 74.078 Thread 0x0000017203a446b0 33992       3       com.intellij.psi.impl.source.tree.RecursiveTreeElementWalkingVisitor$1::visit (9 bytes)
Event: 74.078 Thread 0x000001725c599850 nmethod 33990 0x0000017248d3c490 code [0x0000017248d3c640, 0x0000017248d3c7a8]
Event: 74.078 Thread 0x000001725c599850 33993       3       com.intellij.psi.impl.source.tree.RecursiveTreeElementWalkingVisitor$1::visit (20 bytes)
Event: 74.079 Thread 0x0000017203a446b0 nmethod 33992 0x0000017247cf2e10 code [0x0000017247cf2fe0, 0x0000017247cf34b8]
Event: 74.079 Thread 0x000001725c599850 nmethod 33993 0x00000172486cfe10 code [0x00000172486cffc0, 0x00000172486d0318]
Event: 74.079 Thread 0x0000017203a446b0 33994       3       com.intellij.psi.impl.source.tree.RecursiveTreeElementWalkingVisitor$ASTTreeGuide::getNextSibling (9 bytes)
Event: 74.079 Thread 0x000001725c599850 33991       3       com.intellij.psi.impl.source.tree.CompositeElement::getFirstChildNode (5 bytes)
Event: 74.079 Thread 0x000001725c599850 nmethod 33991 0x0000017248ee8a10 code [0x0000017248ee8bc0, 0x0000017248ee8d88]
Event: 74.079 Thread 0x0000017203a446b0 nmethod 33994 0x000001724859fb90 code [0x000001724859fd60, 0x00000172485a01a8]
Event: 74.080 Thread 0x000001720b27f9e0 nmethod 33987 0x0000017248bb8790 code [0x0000017248bb8c20, 0x0000017248bbb1e8]
Event: 74.103 Thread 0x0000017203a446b0 33997   !   3       org.jetbrains.kotlin.storage.LockBasedStorageManager$MapBasedMemoizedFunction::invoke (410 bytes)
Event: 74.105 Thread 0x0000017203a446b0 nmethod 33997 0x0000017245ef4b10 code [0x0000017245ef5040, 0x0000017245ef7388]
Event: 74.106 Thread 0x0000017203a446b0 33998   !   3       com.intellij.util.containers.ConcurrentIntObjectHashMap::casTabAt (27 bytes)
Event: 74.107 Thread 0x0000017203a446b0 nmethod 33998 0x000001724877de10 code [0x000001724877dfc0, 0x000001724877e1d8]
Event: 74.122 Thread 0x0000017203a446b0 33999       1       com.intellij.openapi.util.RecursionManager$CalculationStack::access$500 (5 bytes)
Event: 74.122 Thread 0x0000017203a446b0 nmethod 33999 0x000001724e727d90 code [0x000001724e727f20, 0x000001724e727fd8]
Event: 74.124 Thread 0x000001720b27f9e0 34001       3       org.jetbrains.org.objectweb.asm.ClassReader::readUtf (62 bytes)
Event: 74.125 Thread 0x000001720b27f9e0 nmethod 34001 0x00000172475b4010 code [0x00000172475b41e0, 0x00000172475b4518]

GC Heap History (20 events):
Event: 62.109 GC heap before
{Heap before GC invocations=77 (full 0):
 garbage-first heap   total 526336K, used 447952K [0x0000000080000000, 0x0000000100000000)
  region size 1024K, 108 young (110592K), 7 survivors (7168K)
 Metaspace       used 198871K, committed 201152K, reserved 622592K
  class space    used 26408K, committed 27520K, reserved 425984K
}
Event: 62.131 GC heap after
{Heap after GC invocations=78 (full 0):
 garbage-first heap   total 526336K, used 359027K [0x0000000080000000, 0x0000000100000000)
  region size 1024K, 14 young (14336K), 14 survivors (14336K)
 Metaspace       used 198871K, committed 201152K, reserved 622592K
  class space    used 26408K, committed 27520K, reserved 425984K
}
Event: 63.082 GC heap before
{Heap before GC invocations=78 (full 0):
 garbage-first heap   total 526336K, used 447091K [0x0000000080000000, 0x0000000100000000)
  region size 1024K, 99 young (101376K), 14 survivors (14336K)
 Metaspace       used 199958K, committed 202240K, reserved 622592K
  class space    used 26528K, committed 27648K, reserved 425984K
}
Event: 63.105 GC heap after
{Heap after GC invocations=79 (full 0):
 garbage-first heap   total 526336K, used 371975K [0x0000000080000000, 0x0000000100000000)
  region size 1024K, 12 young (12288K), 12 survivors (12288K)
 Metaspace       used 199958K, committed 202240K, reserved 622592K
  class space    used 26528K, committed 27648K, reserved 425984K
}
Event: 63.839 GC heap before
{Heap before GC invocations=79 (full 0):
 garbage-first heap   total 526336K, used 446727K [0x0000000080000000, 0x0000000100000000)
  region size 1024K, 86 young (88064K), 12 survivors (12288K)
 Metaspace       used 201024K, committed 203328K, reserved 622592K
  class space    used 26660K, committed 27776K, reserved 425984K
}
Event: 63.850 GC heap after
{Heap after GC invocations=80 (full 0):
 garbage-first heap   total 526336K, used 372329K [0x0000000080000000, 0x0000000100000000)
  region size 1024K, 3 young (3072K), 3 survivors (3072K)
 Metaspace       used 201024K, committed 203328K, reserved 622592K
  class space    used 26660K, committed 27776K, reserved 425984K
}
Event: 64.343 GC heap before
{Heap before GC invocations=80 (full 0):
 garbage-first heap   total 526336K, used 451177K [0x0000000080000000, 0x0000000100000000)
  region size 1024K, 79 young (80896K), 3 survivors (3072K)
 Metaspace       used 201699K, committed 204032K, reserved 622592K
  class space    used 26729K, committed 27840K, reserved 425984K
}
Event: 64.353 GC heap after
{Heap after GC invocations=81 (full 0):
 garbage-first heap   total 526336K, used 381057K [0x0000000080000000, 0x0000000100000000)
  region size 1024K, 10 young (10240K), 10 survivors (10240K)
 Metaspace       used 201699K, committed 204032K, reserved 622592K
  class space    used 26729K, committed 27840K, reserved 425984K
}
Event: 64.687 GC heap before
{Heap before GC invocations=81 (full 0):
 garbage-first heap   total 526336K, used 450689K [0x0000000080000000, 0x0000000100000000)
  region size 1024K, 78 young (79872K), 10 survivors (10240K)
 Metaspace       used 202086K, committed 204416K, reserved 622592K
  class space    used 26757K, committed 27904K, reserved 425984K
}
Event: 64.705 GC heap after
{Heap after GC invocations=82 (full 0):
 garbage-first heap   total 526336K, used 390548K [0x0000000080000000, 0x0000000100000000)
  region size 1024K, 10 young (10240K), 10 survivors (10240K)
 Metaspace       used 202086K, committed 204416K, reserved 622592K
  class space    used 26757K, committed 27904K, reserved 425984K
}
Event: 65.219 GC heap before
{Heap before GC invocations=82 (full 0):
 garbage-first heap   total 526336K, used 447892K [0x0000000080000000, 0x0000000100000000)
  region size 1024K, 67 young (68608K), 10 survivors (10240K)
 Metaspace       used 204229K, committed 206528K, reserved 622592K
  class space    used 27018K, committed 28160K, reserved 425984K
}
Event: 65.228 GC heap after
{Heap after GC invocations=83 (full 0):
 garbage-first heap   total 526336K, used 391802K [0x0000000080000000, 0x0000000100000000)
  region size 1024K, 5 young (5120K), 5 survivors (5120K)
 Metaspace       used 204229K, committed 206528K, reserved 622592K
  class space    used 27018K, committed 28160K, reserved 425984K
}
Event: 67.062 GC heap before
{Heap before GC invocations=83 (full 0):
 garbage-first heap   total 526336K, used 465530K [0x0000000080000000, 0x0000000100000000)
  region size 1024K, 63 young (64512K), 5 survivors (5120K)
 Metaspace       used 211679K, committed 214016K, reserved 622592K
  class space    used 28315K, committed 29440K, reserved 425984K
}
Event: 67.072 GC heap after
{Heap after GC invocations=84 (full 0):
 garbage-first heap   total 526336K, used 395201K [0x0000000080000000, 0x0000000100000000)
  region size 1024K, 8 young (8192K), 8 survivors (8192K)
 Metaspace       used 211679K, committed 214016K, reserved 622592K
  class space    used 28315K, committed 29440K, reserved 425984K
}
Event: 68.591 GC heap before
{Heap before GC invocations=84 (full 0):
 garbage-first heap   total 526336K, used 453569K [0x0000000080000000, 0x0000000100000000)
  region size 1024K, 66 young (67584K), 8 survivors (8192K)
 Metaspace       used 215863K, committed 218240K, reserved 622592K
  class space    used 28772K, committed 29888K, reserved 425984K
}
Event: 68.603 GC heap after
{Heap after GC invocations=85 (full 0):
 garbage-first heap   total 526336K, used 399937K [0x0000000080000000, 0x0000000100000000)
  region size 1024K, 9 young (9216K), 9 survivors (9216K)
 Metaspace       used 215863K, committed 218240K, reserved 622592K
  class space    used 28772K, committed 29888K, reserved 425984K
}
Event: 69.051 GC heap before
{Heap before GC invocations=85 (full 0):
 garbage-first heap   total 526336K, used 455233K [0x0000000080000000, 0x0000000100000000)
  region size 1024K, 64 young (65536K), 9 survivors (9216K)
 Metaspace       used 217026K, committed 219392K, reserved 622592K
  class space    used 28903K, committed 30016K, reserved 425984K
}
Event: 69.060 GC heap after
{Heap after GC invocations=86 (full 0):
 garbage-first heap   total 526336K, used 400186K [0x0000000080000000, 0x0000000100000000)
  region size 1024K, 2 young (2048K), 2 survivors (2048K)
 Metaspace       used 217026K, committed 219392K, reserved 622592K
  class space    used 28903K, committed 30016K, reserved 425984K
}
Event: 70.853 GC heap before
{Heap before GC invocations=86 (full 0):
 garbage-first heap   total 526336K, used 457530K [0x0000000080000000, 0x0000000100000000)
  region size 1024K, 59 young (60416K), 2 survivors (2048K)
 Metaspace       used 222725K, committed 225088K, reserved 622592K
  class space    used 29457K, committed 30592K, reserved 425984K
}
Event: 70.865 GC heap after
{Heap after GC invocations=87 (full 0):
 garbage-first heap   total 526336K, used 402952K [0x0000000080000000, 0x0000000100000000)
  region size 1024K, 5 young (5120K), 5 survivors (5120K)
 Metaspace       used 222725K, committed 225088K, reserved 622592K
  class space    used 29457K, committed 30592K, reserved 425984K
}

Deoptimization events (20 events):
Event: 73.635 Thread 0x000001725d2a93d0 Uncommon trap: trap_request=0xffffff45 fr.pc=0x000001724df7cd48 relative=0x0000000000000388
Event: 73.635 Thread 0x000001725d2a93d0 Uncommon trap: reason=unstable_if action=reinterpret pc=0x000001724df7cd48 method=org.jetbrains.org.objectweb.asm.ClassReader.readUtf(II[C)Ljava/lang/String; @ 26 c2
Event: 73.635 Thread 0x000001725d2a93d0 DEOPT PACKING pc=0x000001724df7cd48 sp=0x0000003a4cbf95e0
Event: 73.635 Thread 0x000001725d2a93d0 DEOPT UNPACKING pc=0x000001724d0d23a3 sp=0x0000003a4cbf9498 mode 2
Event: 73.756 Thread 0x000001725d2a93d0 Uncommon trap: trap_request=0xffffff45 fr.pc=0x000001724e70e664 relative=0x0000000000000324
Event: 73.756 Thread 0x000001725d2a93d0 Uncommon trap: reason=unstable_if action=reinterpret pc=0x000001724e70e664 method=org.jetbrains.org.objectweb.asm.ClassReader.readUtf(II[C)Ljava/lang/String; @ 26 c2
Event: 73.756 Thread 0x000001725d2a93d0 DEOPT PACKING pc=0x000001724e70e664 sp=0x0000003a4cbf9710
Event: 73.756 Thread 0x000001725d2a93d0 DEOPT UNPACKING pc=0x000001724d0d23a3 sp=0x0000003a4cbf9640 mode 2
Event: 74.026 Thread 0x000001725d2a93d0 DEOPT PACKING pc=0x00000172478ec5b1 sp=0x0000003a4cbfab50
Event: 74.026 Thread 0x000001725d2a93d0 DEOPT UNPACKING pc=0x000001724d0d2b43 sp=0x0000003a4cbfa040 mode 0
Event: 74.026 Thread 0x000001725d2a93d0 DEOPT PACKING pc=0x00000172478ec5b1 sp=0x0000003a4cbfab50
Event: 74.026 Thread 0x000001725d2a93d0 DEOPT UNPACKING pc=0x000001724d0d2b43 sp=0x0000003a4cbfa040 mode 0
Event: 74.031 Thread 0x000001725d2a93d0 Uncommon trap: trap_request=0xffffff45 fr.pc=0x000001724da9931c relative=0x00000000000013bc
Event: 74.031 Thread 0x000001725d2a93d0 Uncommon trap: reason=unstable_if action=reinterpret pc=0x000001724da9931c method=java.lang.invoke.InvokerBytecodeGenerator.isStaticallyNameable(Ljava/lang/Class;)Z @ 135 c2
Event: 74.031 Thread 0x000001725d2a93d0 DEOPT PACKING pc=0x000001724da9931c sp=0x0000003a4cbf9ef0
Event: 74.031 Thread 0x000001725d2a93d0 DEOPT UNPACKING pc=0x000001724d0d23a3 sp=0x0000003a4cbf9dc0 mode 2
Event: 74.124 Thread 0x000001725d2a93d0 Uncommon trap: trap_request=0xffffff45 fr.pc=0x000001724e65eb04 relative=0x00000000000001e4
Event: 74.124 Thread 0x000001725d2a93d0 Uncommon trap: reason=unstable_if action=reinterpret pc=0x000001724e65eb04 method=org.jetbrains.org.objectweb.asm.ClassReader.readUtf(II[C)Ljava/lang/String; @ 26 c2
Event: 74.124 Thread 0x000001725d2a93d0 DEOPT PACKING pc=0x000001724e65eb04 sp=0x0000003a4cbf9240
Event: 74.124 Thread 0x000001725d2a93d0 DEOPT UNPACKING pc=0x000001724d0d23a3 sp=0x0000003a4cbf91c8 mode 2

Classes unloaded (20 events):
Event: 47.527 Thread 0x000001725c560620 Unloading class 0x0000017260373000 'java/lang/invoke/LambdaForm$MH+0x0000017260373000'
Event: 47.527 Thread 0x000001725c560620 Unloading class 0x0000017260372800 'java/lang/invoke/LambdaForm$MH+0x0000017260372800'
Event: 47.527 Thread 0x000001725c560620 Unloading class 0x0000017260372000 'java/lang/invoke/LambdaForm$MH+0x0000017260372000'
Event: 47.527 Thread 0x000001725c560620 Unloading class 0x0000017260371400 'java/lang/invoke/LambdaForm$MH+0x0000017260371400'
Event: 47.527 Thread 0x000001725c560620 Unloading class 0x0000017260370c00 'java/lang/invoke/LambdaForm$MH+0x0000017260370c00'
Event: 47.527 Thread 0x000001725c560620 Unloading class 0x0000017260370400 'java/lang/invoke/LambdaForm$MH+0x0000017260370400'
Event: 47.527 Thread 0x000001725c560620 Unloading class 0x000001726036bc00 'java/lang/invoke/LambdaForm$MH+0x000001726036bc00'
Event: 47.527 Thread 0x000001725c560620 Unloading class 0x000001726036b800 'java/lang/invoke/LambdaForm$MH+0x000001726036b800'
Event: 47.527 Thread 0x000001725c560620 Unloading class 0x000001726036a800 'java/lang/invoke/LambdaForm$MH+0x000001726036a800'
Event: 47.527 Thread 0x000001725c560620 Unloading class 0x0000017260330c00 'jdk/internal/reflect/GeneratedSerializationConstructorAccessor93'
Event: 47.527 Thread 0x000001725c560620 Unloading class 0x0000017260330000 'jdk/internal/reflect/GeneratedSerializationConstructorAccessor91'
Event: 47.527 Thread 0x000001725c560620 Unloading class 0x0000017260324000 'java/lang/invoke/LambdaForm$MH+0x0000017260324000'
Event: 47.527 Thread 0x000001725c560620 Unloading class 0x0000017260323800 'java/lang/invoke/LambdaForm$MH+0x0000017260323800'
Event: 47.527 Thread 0x000001725c560620 Unloading class 0x0000017260323000 'java/lang/invoke/LambdaForm$MH+0x0000017260323000'
Event: 47.527 Thread 0x000001725c560620 Unloading class 0x0000017260322800 'java/lang/invoke/LambdaForm$MH+0x0000017260322800'
Event: 47.527 Thread 0x000001725c560620 Unloading class 0x0000017260322400 'java/lang/invoke/LambdaForm$MH+0x0000017260322400'
Event: 47.527 Thread 0x000001725c560620 Unloading class 0x0000017260321800 'java/lang/invoke/LambdaForm$MH+0x0000017260321800'
Event: 47.527 Thread 0x000001725c560620 Unloading class 0x0000017260321000 'java/lang/invoke/LambdaForm$MH+0x0000017260321000'
Event: 47.527 Thread 0x000001725c560620 Unloading class 0x0000017260320800 'java/lang/invoke/LambdaForm$MH+0x0000017260320800'
Event: 47.527 Thread 0x000001725c560620 Unloading class 0x0000017260320000 'java/lang/invoke/LambdaForm$MH+0x0000017260320000'

Classes redefined (0 events):
No events

Internal exceptions (20 events):
Event: 65.046 Thread 0x000001727d8a5880 Exception <a 'sun/nio/fs/WindowsException'{0x000000009d00e148}> (0x000000009d00e148) 
thrown [s\open\src\hotspot\share\prims\jni.cpp, line 516]
Event: 65.050 Thread 0x000001727d8a5880 Exception <a 'sun/nio/fs/WindowsException'{0x000000009d0106a8}> (0x000000009d0106a8) 
thrown [s\open\src\hotspot\share\prims\jni.cpp, line 516]
Event: 65.053 Thread 0x000001727d8a5880 Exception <a 'sun/nio/fs/WindowsException'{0x000000009cf45980}> (0x000000009cf45980) 
thrown [s\open\src\hotspot\share\prims\jni.cpp, line 516]
Event: 65.057 Thread 0x000001727d8a5880 Exception <a 'sun/nio/fs/WindowsException'{0x000000009cf47f88}> (0x000000009cf47f88) 
thrown [s\open\src\hotspot\share\prims\jni.cpp, line 516]
Event: 65.061 Thread 0x000001727d8a5880 Exception <a 'sun/nio/fs/WindowsException'{0x000000009cf4a7a0}> (0x000000009cf4a7a0) 
thrown [s\open\src\hotspot\share\prims\jni.cpp, line 516]
Event: 65.066 Thread 0x000001727d8a5880 Exception <a 'sun/nio/fs/WindowsException'{0x000000009cf4cde0}> (0x000000009cf4cde0) 
thrown [s\open\src\hotspot\share\prims\jni.cpp, line 516]
Event: 65.075 Thread 0x000001727d8a5880 Exception <a 'sun/nio/fs/WindowsException'{0x000000009cf4f830}> (0x000000009cf4f830) 
thrown [s\open\src\hotspot\share\prims\jni.cpp, line 516]
Event: 65.080 Thread 0x000001727d8a5880 Exception <a 'sun/nio/fs/WindowsException'{0x000000009cf51ec8}> (0x000000009cf51ec8) 
thrown [s\open\src\hotspot\share\prims\jni.cpp, line 516]
Event: 65.082 Thread 0x000001727d8a5880 Exception <a 'sun/nio/fs/WindowsException'{0x000000009cf54690}> (0x000000009cf54690) 
thrown [s\open\src\hotspot\share\prims\jni.cpp, line 516]
Event: 65.084 Thread 0x000001727d8a5880 Exception <a 'sun/nio/fs/WindowsException'{0x000000009cf56ee8}> (0x000000009cf56ee8) 
thrown [s\open\src\hotspot\share\prims\jni.cpp, line 516]
Event: 65.088 Thread 0x000001727d8a5880 Exception <a 'sun/nio/fs/WindowsException'{0x000000009ce02b68}> (0x000000009ce02b68) 
thrown [s\open\src\hotspot\share\prims\jni.cpp, line 516]
Event: 65.090 Thread 0x000001727d8a5880 Exception <a 'sun/nio/fs/WindowsException'{0x000000009ce051e0}> (0x000000009ce051e0) 
thrown [s\open\src\hotspot\share\prims\jni.cpp, line 516]
Event: 65.093 Thread 0x000001727d8a5880 Exception <a 'sun/nio/fs/WindowsException'{0x000000009ce078c8}> (0x000000009ce078c8) 
thrown [s\open\src\hotspot\share\prims\jni.cpp, line 516]
Event: 65.513 Thread 0x000001725d2a93d0 Exception <a 'java/lang/NoSuchMethodError'{0x000000009f054d00}: 'java.lang.Object java.lang.invoke.Invokers$Holder.invokeExact_MT(java.lang.Object, java.lang.Object, long, java.lang.Object)'> (0x000000009f054d00) 
thrown [s\open\src\hotspot\share\interpreter\linkResolver.cpp, line 759]
Event: 65.540 Thread 0x000001725d2a93d0 Exception <a 'java/lang/NoSuchMethodError'{0x000000009f09afa8}: 'int java.lang.invoke.DirectMethodHandle$Holder.invokeSpecial(java.lang.Object, java.lang.Object, int, int)'> (0x000000009f09afa8) 
thrown [s\open\src\hotspot\share\interpreter\linkResolver.cpp, line 759]
Event: 67.353 Thread 0x000001725d2a93d0 Exception <a 'java/lang/NoSuchMethodError'{0x000000009fcf8b60}: 'java.lang.Object java.lang.invoke.DirectMethodHandle$Holder.invokeStaticInit(java.lang.Object, long)'> (0x000000009fcf8b60) 
thrown [s\open\src\hotspot\share\interpreter\linkResolver.cpp, line 759]
Event: 67.633 Thread 0x000001727d8a67b0 Exception <a 'sun/nio/fs/WindowsException'{0x000000009f686238}> (0x000000009f686238) 
thrown [s\open\src\hotspot\share\prims\jni.cpp, line 516]
Event: 67.760 Thread 0x000001727d8a67b0 Exception <a 'sun/nio/fs/WindowsException'{0x000000009f4abfa8}> (0x000000009f4abfa8) 
thrown [s\open\src\hotspot\share\prims\jni.cpp, line 516]
Event: 68.165 Thread 0x000001727d8a5880 Exception <a 'sun/nio/fs/WindowsException'{0x000000009f0951a0}> (0x000000009f0951a0) 
thrown [s\open\src\hotspot\share\prims\jni.cpp, line 516]
Event: 72.426 Thread 0x000001725d2a93d0 Exception <a 'java/lang/NoSuchMethodError'{0x000000009e70d2e8}: 'int java.lang.invoke.DirectMethodHandle$Holder.invokeStatic(java.lang.Object, java.lang.Object, java.lang.Object, java.lang.Object, java.lang.Object, java.lang.Object)'> (0x000000009e70d2e8) 
thrown [s\open\src\hotspot\share\interpreter\linkResolver.cpp, line 759]

VM Operations (20 events):
Event: 72.189 Executing VM operation: ICBufferFull
Event: 72.189 Executing VM operation: ICBufferFull done
Event: 72.436 Executing VM operation: HandshakeAllThreads
Event: 72.437 Executing VM operation: HandshakeAllThreads done
Event: 72.437 Executing VM operation: HandshakeAllThreads
Event: 72.438 Executing VM operation: HandshakeAllThreads done
Event: 72.624 Executing VM operation: HandshakeAllThreads
Event: 72.626 Executing VM operation: HandshakeAllThreads done
Event: 72.626 Executing VM operation: HandshakeAllThreads
Event: 72.628 Executing VM operation: HandshakeAllThreads done
Event: 72.853 Executing VM operation: HandshakeAllThreads
Event: 72.854 Executing VM operation: HandshakeAllThreads done
Event: 73.320 Executing VM operation: ICBufferFull
Event: 73.320 Executing VM operation: ICBufferFull done
Event: 73.624 Executing VM operation: HandshakeAllThreads
Event: 73.633 Executing VM operation: HandshakeAllThreads done
Event: 73.672 Executing VM operation: HandshakeAllThreads
Event: 73.696 Executing VM operation: HandshakeAllThreads done
Event: 74.696 Executing VM operation: Cleanup
Event: 74.697 Executing VM operation: Cleanup done

Events (20 events):
Event: 72.864 Thread 0x000001725c59bd80 flushing nmethod 0x0000017248eed690
Event: 72.864 Thread 0x000001725c59bd80 flushing nmethod 0x0000017248eedf10
Event: 72.864 Thread 0x000001725c59bd80 flushing nmethod 0x0000017248eeed90
Event: 72.865 Thread 0x000001725c59bd80 flushing nmethod 0x0000017248f17a10
Event: 72.865 Thread 0x000001725c59bd80 flushing nmethod 0x0000017248f17d90
Event: 72.865 Thread 0x000001725c59bd80 flushing nmethod 0x0000017248f18310
Event: 72.865 Thread 0x000001725c59bd80 flushing nmethod 0x0000017248f56a90
Event: 72.865 Thread 0x000001725c59bd80 flushing nmethod 0x0000017248f5d910
Event: 72.865 Thread 0x000001725c59bd80 flushing nmethod 0x0000017248f5dd10
Event: 72.865 Thread 0x000001725c59bd80 flushing nmethod 0x0000017248f5e190
Event: 72.865 Thread 0x000001725c59bd80 flushing nmethod 0x0000017248f5f490
Event: 72.865 Thread 0x000001725c59bd80 flushing nmethod 0x0000017248f5f790
Event: 72.865 Thread 0x000001725c59bd80 flushing nmethod 0x0000017248f64d90
Event: 72.865 Thread 0x000001725c59bd80 flushing nmethod 0x0000017248f6ff10
Event: 72.866 Thread 0x000001725c59bd80 flushing nmethod 0x0000017248fc7810
Event: 72.867 Thread 0x000001725c59bd80 flushing nmethod 0x0000017249075390
Event: 72.867 Thread 0x000001725c59bd80 flushing nmethod 0x0000017249075710
Event: 72.867 Thread 0x000001725c59bd80 flushing nmethod 0x000001724907e090
Event: 72.867 Thread 0x000001725c59bd80 flushing nmethod 0x0000017249087790
Event: 72.867 Thread 0x000001725c59bd80 flushing nmethod 0x00000172490b2890


Dynamic libraries:
0x00007ff6000a0000 - 0x00007ff6000b0000 	C:\Program Files\Java\jdk-17\bin\java.exe
0x00007ffd6bf00000 - 0x00007ffd6c166000 	C:\WINDOWS\SYSTEM32\ntdll.dll
0x00007ffd6ad30000 - 0x00007ffd6adf9000 	C:\WINDOWS\System32\KERNEL32.DLL
0x00007ffd691d0000 - 0x00007ffd695cf000 	C:\WINDOWS\System32\KERNELBASE.dll
0x00007ffd697d0000 - 0x00007ffd6991c000 	C:\WINDOWS\System32\ucrtbase.dll
0x00007ffd66950000 - 0x00007ffd66969000 	C:\Program Files\Java\jdk-17\bin\jli.dll
0x00007ffd669c0000 - 0x00007ffd669db000 	C:\Program Files\Java\jdk-17\bin\VCRUNTIME140.dll
0x00007ffd69eb0000 - 0x00007ffd69f6c000 	C:\WINDOWS\System32\ADVAPI32.dll
0x00007ffd6a840000 - 0x00007ffd6a8e9000 	C:\WINDOWS\System32\msvcrt.dll
0x00007ffd6a760000 - 0x00007ffd6a80a000 	C:\WINDOWS\System32\sechost.dll
0x00007ffd6aa90000 - 0x00007ffd6aba8000 	C:\WINDOWS\System32\RPCRT4.dll
0x00007ffd69c30000 - 0x00007ffd69df6000 	C:\WINDOWS\System32\USER32.dll
0x00007ffd695e0000 - 0x00007ffd69607000 	C:\WINDOWS\System32\win32u.dll
0x00007ffd5b0a0000 - 0x00007ffd5b331000 	C:\WINDOWS\WinSxS\amd64_microsoft.windows.common-controls_6595b64144ccf1df_6.0.26100.8972_none_3e0da176e32f9d4b\COMCTL32.dll
0x00007ffd6ad00000 - 0x00007ffd6ad2b000 	C:\WINDOWS\System32\GDI32.dll
0x00007ffd696a0000 - 0x00007ffd697c9000 	C:\WINDOWS\System32\gdi32full.dll
0x00007ffd69b80000 - 0x00007ffd69c23000 	C:\WINDOWS\System32\msvcp_win.dll
0x00007ffd61ae0000 - 0x00007ffd61aeb000 	C:\WINDOWS\SYSTEM32\VERSION.dll
0x00007ffd6be20000 - 0x00007ffd6be52000 	C:\WINDOWS\System32\IMM32.DLL
0x00007ffd669b0000 - 0x00007ffd669bc000 	C:\Program Files\Java\jdk-17\bin\vcruntime140_1.dll
0x00007ffd524d0000 - 0x00007ffd5255e000 	C:\Program Files\Java\jdk-17\bin\msvcp140.dll
0x00007ffcd84d0000 - 0x00007ffcd90b0000 	C:\Program Files\Java\jdk-17\bin\server\jvm.dll
0x00007ffd6bba0000 - 0x00007ffd6bba8000 	C:\WINDOWS\System32\PSAPI.DLL
0x00007ffd40390000 - 0x00007ffd4039a000 	C:\WINDOWS\SYSTEM32\WSOCK32.dll
0x00007ffd66760000 - 0x00007ffd66796000 	C:\WINDOWS\SYSTEM32\WINMM.dll
0x00007ffd6b380000 - 0x00007ffd6b402000 	C:\WINDOWS\System32\WS2_32.dll
0x00007ffd67e00000 - 0x00007ffd67e1b000 	C:\WINDOWS\SYSTEM32\kernel.appcore.dll
0x00007ffd66940000 - 0x00007ffd6694a000 	C:\Program Files\Java\jdk-17\bin\jimage.dll
0x00007ffd66510000 - 0x00007ffd66752000 	C:\WINDOWS\SYSTEM32\DBGHELP.DLL
0x00007ffd6a2d0000 - 0x00007ffd6a655000 	C:\WINDOWS\System32\combase.dll
0x00007ffd6abb0000 - 0x00007ffd6ac89000 	C:\WINDOWS\System32\OLEAUT32.dll
0x00007ffd664d0000 - 0x00007ffd6650b000 	C:\WINDOWS\SYSTEM32\dbgcore.DLL
0x00007ffd69930000 - 0x00007ffd699dc000 	C:\WINDOWS\System32\bcryptPrimitives.dll
0x00007ffd658e0000 - 0x00007ffd658ee000 	C:\Program Files\Java\jdk-17\bin\instrument.dll
0x00007ffd66910000 - 0x00007ffd66935000 	C:\Program Files\Java\jdk-17\bin\java.dll
0x00007ffd51b00000 - 0x00007ffd51bd7000 	C:\Program Files\Java\jdk-17\bin\jsvml.dll
0x00007ffd6b410000 - 0x00007ffd6bb98000 	C:\WINDOWS\System32\SHELL32.dll
0x00007ffd66b90000 - 0x00007ffd6742b000 	C:\WINDOWS\SYSTEM32\windows.storage.dll
0x00007ffd6a660000 - 0x00007ffd6a759000 	C:\WINDOWS\System32\SHCORE.dll
0x00007ffd6ac90000 - 0x00007ffd6acf6000 	C:\WINDOWS\System32\shlwapi.dll
0x00007ffd69030000 - 0x00007ffd69059000 	C:\WINDOWS\SYSTEM32\profapi.dll
0x00007ffd5f510000 - 0x00007ffd5f528000 	C:\Program Files\Java\jdk-17\bin\zip.dll
0x00007ffd66820000 - 0x00007ffd66839000 	C:\Program Files\Java\jdk-17\bin\net.dll
0x00007ffd62720000 - 0x00007ffd62848000 	C:\WINDOWS\SYSTEM32\WINHTTP.dll
0x00007ffd683b0000 - 0x00007ffd6841c000 	C:\WINDOWS\system32\mswsock.dll
0x00007ffd65bb0000 - 0x00007ffd65bc6000 	C:\Program Files\Java\jdk-17\bin\nio.dll
0x00007ffd65b30000 - 0x00007ffd65b40000 	C:\Program Files\Java\jdk-17\bin\verify.dll
0x00007ffd56a20000 - 0x00007ffd56a47000 	C:\Users\asus\.gradle\native\660c5614fbf4a5f2a75b1949f50a0caf5cd603558e7d8a26e50b933a0cfb79d1\windows-amd64\native-platform.dll
0x00007ffd4cee0000 - 0x00007ffd4cf57000 	C:\Users\asus\.gradle\native\0.2.8\x86_64-windows-gnu\gradle-fileevents.dll
0x00007ffd667a0000 - 0x00007ffd667aa000 	C:\Program Files\Java\jdk-17\bin\management.dll
0x00007ffd65ba0000 - 0x00007ffd65bab000 	C:\Program Files\Java\jdk-17\bin\management_ext.dll
0x00007ffd677e0000 - 0x00007ffd67813000 	C:\WINDOWS\SYSTEM32\IPHLPAPI.DLL
0x00007ffd6be60000 - 0x00007ffd6be6a000 	C:\WINDOWS\System32\NSI.dll
0x00007ffd630c0000 - 0x00007ffd630dd000 	C:\WINDOWS\SYSTEM32\dhcpcsvc6.DLL
0x00007ffd62ff0000 - 0x00007ffd63015000 	C:\WINDOWS\SYSTEM32\dhcpcsvc.DLL
0x00007ffd67880000 - 0x00007ffd679d8000 	C:\WINDOWS\SYSTEM32\DNSAPI.dll
0x00007ffd681b0000 - 0x00007ffd681bd000 	C:\WINDOWS\SYSTEM32\DSPARSE.dll
0x00007ffd686a0000 - 0x00007ffd686bb000 	C:\WINDOWS\SYSTEM32\CRYPTSP.dll
0x00007ffd67d60000 - 0x00007ffd67d99000 	C:\WINDOWS\system32\rsaenh.dll
0x00007ffd68460000 - 0x00007ffd68492000 	C:\WINDOWS\SYSTEM32\USERENV.dll
0x00007ffd69000000 - 0x00007ffd6902a000 	C:\WINDOWS\SYSTEM32\bcrypt.dll
0x00007ffd686c0000 - 0x00007ffd686cc000 	C:\WINDOWS\SYSTEM32\CRYPTBASE.dll
0x00007ffd636e0000 - 0x00007ffd636ee000 	C:\Program Files\Java\jdk-17\bin\sunmscapi.dll
0x00007ffd699f0000 - 0x00007ffd69b6e000 	C:\WINDOWS\System32\CRYPT32.dll
0x00007ffd688e0000 - 0x00007ffd68910000 	C:\WINDOWS\SYSTEM32\ncrypt.dll
0x00007ffd68890000 - 0x00007ffd688cf000 	C:\WINDOWS\SYSTEM32\NTASN1.dll
0x00007ffd65b40000 - 0x00007ffd65b48000 	C:\WINDOWS\system32\wshunix.dll
0x00007ffd62150000 - 0x00007ffd6215b000 	C:\Windows\System32\rasadhlp.dll
0x00007ffd63240000 - 0x00007ffd632c6000 	C:\WINDOWS\System32\fwpuclnt.dll
0x00007ffd67f30000 - 0x00007ffd67f66000 	C:\WINDOWS\SYSTEM32\ntmarta.dll
0x00007ffd5f430000 - 0x00007ffd5f437000 	C:\Program Files\Java\jdk-17\bin\rmi.dll
0x00007ffcfe480000 - 0x00007ffcfe611000 	C:\Program Files\Java\jdk-17\bin\awt.dll
0x00007ffd65c00000 - 0x00007ffd65c9f000 	C:\WINDOWS\SYSTEM32\apphelp.dll
0x00007ffd65d30000 - 0x00007ffd65dd8000 	C:\WINDOWS\system32\uxtheme.dll
0x00007ffd6a160000 - 0x00007ffd6a2bd000 	C:\WINDOWS\System32\MSCTF.dll
0x00007ffd6bc80000 - 0x00007ffd6be19000 	C:\WINDOWS\System32\ole32.dll

dbghelp: loaded successfully - version: 4.0.5 - missing functions: none
symbol engine: initialized successfully - sym options: 0x614 - pdb path: .;C:\Program Files\Java\jdk-17\bin;C:\WINDOWS\SYSTEM32;C:\WINDOWS\WinSxS\amd64_microsoft.windows.common-controls_6595b64144ccf1df_6.0.26100.8972_none_3e0da176e32f9d4b;C:\Program Files\Java\jdk-17\bin\server;C:\Users\asus\.gradle\native\660c5614fbf4a5f2a75b1949f50a0caf5cd603558e7d8a26e50b933a0cfb79d1\windows-amd64;C:\Users\asus\.gradle\native\0.2.8\x86_64-windows-gnu

VM Arguments:
jvm_args: --add-opens=java.base/java.lang=ALL-UNNAMED --add-opens=java.base/java.lang.invoke=ALL-UNNAMED --add-opens=java.base/java.util=ALL-UNNAMED --add-opens=java.prefs/java.util.prefs=ALL-UNNAMED --add-exports=jdk.compiler/com.sun.tools.javac.api=ALL-UNNAMED --add-exports=jdk.compiler/com.sun.tools.javac.util=ALL-UNNAMED --add-opens=java.base/java.util=ALL-UNNAMED --add-opens=java.prefs/java.util.prefs=ALL-UNNAMED --add-opens=java.base/java.nio.charset=ALL-UNNAMED --add-opens=java.base/java.net=ALL-UNNAMED --add-opens=java.base/java.util.concurrent=ALL-UNNAMED --add-opens=java.base/java.util.concurrent.atomic=ALL-UNNAMED --add-opens=java.xml/javax.xml.namespace=ALL-UNNAMED --add-opens=java.base/java.time=ALL-UNNAMED -XX:MaxMetaspaceSize=512m -Xmx2048m -Dfile.encoding=windows-1252 -Duser.country=IN -Duser.language=en -Duser.variant -javaagent:C:\Users\asus\.gradle\wrapper\dists\gradle-9.3.1-bin\23ovyewtku6u96viwx3xl3oks\gradle-9.3.1\lib\agents\gradle-instrumentation-agent-9.3.1.jar 
java_command: org.gradle.launcher.daemon.bootstrap.GradleDaemon 9.3.1
java_class_path (initial): C:\Users\asus\.gradle\wrapper\dists\gradle-9.3.1-bin\23ovyewtku6u96viwx3xl3oks\gradle-9.3.1\lib\gradle-daemon-main-9.3.1.jar
Launcher Type: SUN_STANDARD

[Global flags]
     intx CICompilerCount                          = 12                                        {product} {ergonomic}
   size_t CompressedClassSpaceSize                 = 436207616                                 {product} {ergonomic}
     uint ConcGCThreads                            = 3                                         {product} {ergonomic}
     uint G1ConcRefinementThreads                  = 13                                        {product} {ergonomic}
   size_t G1HeapRegionSize                         = 1048576                                   {product} {ergonomic}
    uintx GCDrainStackTargetSize                   = 64                                        {product} {ergonomic}
   size_t InitialHeapSize                          = 125829120                                 {product} {ergonomic}
   size_t MarkStackSize                            = 4194304                                   {product} {ergonomic}
   size_t MaxHeapSize                              = 2147483648                                {product} {command line}
   size_t MaxMetaspaceSize                         = 536870912                                 {product} {command line}
   size_t MaxNewSize                               = 1287651328                                {product} {ergonomic}
   size_t MinHeapDeltaBytes                        = 1048576                                   {product} {ergonomic}
   size_t MinHeapSize                              = 8388608                                   {product} {ergonomic}
    uintx NonNMethodCodeHeapSize                   = 7602480                                {pd product} {ergonomic}
    uintx NonProfiledCodeHeapSize                  = 122027880                              {pd product} {ergonomic}
    uintx ProfiledCodeHeapSize                     = 122027880                              {pd product} {ergonomic}
    uintx ReservedCodeCacheSize                    = 251658240                              {pd product} {ergonomic}
     bool SegmentedCodeCache                       = true                                      {product} {ergonomic}
   size_t SoftMaxHeapSize                          = 2147483648                             {manageable} {ergonomic}
     bool UseCompressedClassPointers               = true                           {product lp64_product} {ergonomic}
     bool UseCompressedOops                        = true                           {product lp64_product} {ergonomic}
     bool UseG1GC                                  = true                                      {product} {ergonomic}
     bool UseLargePagesIndividualAllocation        = false                                  {pd product} {ergonomic}

Logging:
Log output configuration:
 #0: stdout all=warning uptime,level,tags
 #1: stderr all=off uptime,level,tags

Environment Variables:
PATH=C:\Program Files\Git\cmd;C:\Program Files\nodejs\;C:\Program Files\MongoDB\Server\8.2\bin;C:\Program Files\cursor\resources\app\bin;C:\Program Files\dotnet\;C:\Program Files\Java\jdk-17\bin;C:\Users\asus\AppData\Local\Android\Sdk\platform-tools;C:\Users\asus\AppData\Local\Android\Sdk\emulator;C:\Users\asus\AppData\Local\Android\Sdk\build-tools\36.0.0;C:\Program Files\MySQL\MySQL Shell 8.0\bin\;C:\Users\asus\AppData\Local\Microsoft\WindowsApps;C:\Users\asus\AppData\Local\Programs\Microsoft VS Code\bin;C:\Program Files\JetBrains\IntelliJ IDEA Community Edition 2021.3.2\bin;;C:\Users\asus\AppData\Roaming\Composer\vendor\bin;C:\Users\asus\go\bin;C:\Users\asus\AppData\Local\GitHubDesktop\bin;C:\Program Files\apache-maven-3.9.3-bin\apache-maven-3.9.3\bin\bin;C:\Users\asus\AppData\Roaming\npm;C:\Users\asus\AppData\Local\Programs\mongosh\;C:\Users\asus\AppData\Local\Programs\cursor\resources\app\bin;C:\Users\asus\AppData\Local\Programs\Antigravity IDE\bin
USERNAME=Aanand
LANG=en_US.UTF-8
OS=Windows_NT
PROCESSOR_IDENTIFIER=AMD64 Family 25 Model 80 Stepping 0, AuthenticAMD



---------------  S Y S T E M  ---------------

OS:
 Windows 11 , 64 bit Build 26100 (10.0.26100.9168)
OS uptime: 0 days 12:23 hours
Hyper-V role detected

CPU: total 16 (initial active 16) (16 cores per cpu, 2 threads per core) family 25 model 80 stepping 0 microcode 0xa50000c, cx8, cmov, fxsr, ht, mmx, 3dnowpref, sse, sse2, sse3, ssse3, sse4a, sse4.1, sse4.2, popcnt, lzcnt, tsc, tscinvbit, avx, avx2, aes, erms, clmul, bmi1, bmi2, adx, sha, fma, vzeroupper, clflush, clflushopt, hv

Memory: 4k page, system-wide physical 7583M (959M free)
TotalPageFile size 25597M (AvailPageFile size 1165M)
current process WorkingSet (physical memory assigned to process): 355M, peak: 854M
current process commit charge ("private bytes"): 1129M, peak: 1129M

vm_info: Java HotSpot(TM) 64-Bit Server VM (17.0.12+8-LTS-286) for windows-amd64 JRE (17.0.12+8-LTS-286), built on Jun  5 2024 06:46:59 by "mach5one" with MS VC++ 17.6 (VS2022)

END.
